id,smiles
0,ClC1=CC=C(OCC(CSC2=NC(=CC(=N2)C)C)O)C=C1
1,C(=C\C)/S(=O)S\C=C\C
2,ClC1=CC=C(C=C1)C=1OC(C(N1)=CNC1=NC(=CC=C1)C)=O
3,C1(=CC=CC=C1)CCSS(=O)CCC1=CC=CC=C1
4,O1COC2=C1C=CC(=C2)C(\C=C\C2=CC1=CC=CC=C1C=C2)=O
5,O1COC2=C1C=CC(=C2)C(\C=C\C=2C(=NC1=CC=CC=C1C2)Cl)=O
6,O1COC2=C1C=CC(=C2)C(\C=C\C=2OC(=CC2)C2=C(C=CC=C2)[N+](=O)[O-])=O
7,COC1=C(C=C(C(=C1)OC)OC)C(\C=C\C=1C(=NC2=CC=C(C=C2C1)OC)Cl)=O
8,COC1=C(C=C(C(=C1)OC)OC)C(\C=C\C=1C(=NC2=CC=CC=C2C1)Cl)=O
9,COC1=C(C=C(C(=C1)OC)OC)C(\C=C\C1=CC2=CC=CC=C2C=C1)=O
10,COC1=C(C=C(C=C1)OC)C(\C=C\C1=CC2=CC=CC=C2C=C1)=O
11,COC=1C=C(C=C(C1OC)OC)C(\C=C\C1=CC2=CC=CC=C2C=C1)=O
12,COC=1C=C(C=CC1OC)C(\C=C\C1=CC2=CC=CC=C2C=C1)=O
13,COC=1C=C(C=C(C1)OC)C(\C=C\C1=CC2=CC=CC=C2C=C1)=O
14,COC=1C=C(C=CC1)C(\C=C\C1=CC2=CC=CC=C2C=C1)=O
15,COC1=CC=C(C=C1)C(\C=C\C1=CC2=CC=CC=C2C=C1)=O
16,N1(C=NC=C1)C1=CC=C(C=C1)C(\C=C\C1=CC2=CC=CC=C2C=C1)=O
17,[N+](=O)([O-])C=1C(=NC=CC1)N1CCN(CC1)C(\C=C\C1=CC=CC=C1)=O
18,[N+](=O)([O-])C1=CC=C(C=C1)N1CCN(CC1)C(\C=C\C1=CC=CC=C1)=O
19,OC=1C=C(C=CC1OC)/C=C/C(=O)C1=CC=CC=C1
20,OC1=C(C=C(C=C1)/C=C/C(=O)C1=CC=CC=C1)OC
21,C[C@@]1([C@@H](CC[C@]2(C(=CCC[C@H]12)C)C)C)CC\C(=C/C(=O)O)\C=O
22,[N+](=O)([O-])C1=CC2=C(N=C(S2)NC(\C=C\C2=CC=CC=C2)=O)C=C1
23,N1(C=NC=C1)CCCNC(\C=C\C1=CC=CC=C1)=O
24,N1C=C(C2=CC=CC=C12)CCCNC(\C=C\C1=CC=CC=C1)=O
25,C1(=CC=CC=C1)/C=C/C(=O)OCN1C(=NC=C1[N+](=O)[O-])C
26,N[C@@H](C(=O)O)CC1CC2=CC=CC=C2C1
27,N[C@H](C(=O)O)CS(=O)CCC1=CC=CC=C1
28,N[C@H](C(=O)O)CS(=O)C1=CC=CC=C1
29,N[C@H](C(=O)O)CS(=O)C=1SC=CC1
30,N[C@H](C(=O)O)CS(=O)CC1=CC=C(C=C1)Cl
31,N[C@H](C(=O)O)CS(=O)CC1=CC=C(C=C1)C
32,N[C@H](C(=O)O)CS(=O)CC1=CC=CC=C1
33,N[C@@H](C(=O)O)CCCCNC(C)=O
34,N[C@@H](C(=O)O)\C=C\C1=CC=CC=C1
35,N[C@H](C(=O)O)CC=1N=CSC1
36,N[C@@H](C(=O)O)CSC(C)(C)C
37,N[C@H](C(=O)O)CC(=C)Br
38,C(C)(=O)O[C@@H]1O[C@@H]([C@H]([C@H]([C@H]1NC(CC1=CNC2=CC=CC=C12)=O)OC(C)=O)OC(C)=O)COC(C)=O
39,C(C)(=O)OC[C@H]1[C@H]([C@@H]([C@H]([C@@H](O1)CC(=O)[O-])NC(CC1=CC=C(C=C1)C(F)(F)F)=O)CC(=O)[O-])CC(=O)[O-]
40,C(C)(=O)O[C@@H]1O[C@@H]([C@H]([C@H]([C@H]1NC(CC1=CC=C(C=C1)Br)=O)OC(C)=O)OC(C)=O)COC(C)=O
41,C(C)(=O)O[C@@H]1O[C@@H]([C@H]([C@H]([C@H]1NC(CC1=CC=C(C=C1)Cl)=O)OC(C)=O)OC(C)=O)COC(C)=O
42,C(C)(=O)O[C@@H]1O[C@@H]([C@H]([C@H]([C@H]1NC(CC1=CC=C(C=C1)F)=O)OC(C)=O)OC(C)=O)COC(C)=O
43,C(C)(=O)O[C@@H]1O[C@@H]([C@H]([C@H]([C@H]1NC(CC1=CC=C(C=C1)OC)=O)OC(C)=O)OC(C)=O)COC(C)=O
44,C(C)(=O)O[C@@H]1O[C@@H]([C@H]([C@H]([C@H]1NC(CC(CCC)=O)=O)OC(C)=O)OC(C)=O)COC(C)=O
45,C(C)(=O)O[C@@H]1O[C@@H]([C@H]([C@H]([C@H]1NC(CC(CCCCC)=O)=O)OC(C)=O)OC(C)=O)COC(C)=O
46,C(C)(=O)O[C@@H]1O[C@@H]([C@H]([C@H]([C@H]1NC(CCC)=O)OC(C)=O)OC(C)=O)COC(C)=O
47,C(C)(=O)O[C@@H]1O[C@@H]([C@H]([C@H]([C@H]1NC(CCCCCCCCC)=O)OC(C)=O)OC(C)=O)COC(C)=O
48,C(C)(=O)O[C@@H]1O[C@@H]([C@H]([C@H]([C@H]1NC(CCCCCCCCCCC)=O)OC(C)=O)OC(C)=O)COC(C)=O
49,C(C)(=O)O[C@@H]1O[C@@H]([C@H]([C@H]([C@H]1NC(CCCCCCC)=O)OC(C)=O)OC(C)=O)COC(C)=O
50,C(CCCCC)NC(/C(=C/C1=CC=C(C=C1)C(F)(F)F)/O)=O
51,C(C)(=O)C1=CC=C(C=C1)C[C@H](C(C)=O)N
52,C(/CCCCCCCCC)=C\1/C(NC(S1)=O)=O
53,C(/CCCCCCCCCCC)=C\1/C(NC(S1)=O)=O
54,C(/CCCCC)=C\1/C(NC(S1)=O)=O
55,C(/CCCCCCC)=C\1/C(NC(S1)=O)=O
56,C(/CCCCCCCCCC)=C\1/C(NC(S1)=O)=O
57,C1(=CC=CC=C1)/C=C/C(=O)OCC=1OC(=CC1)[N+](=O)[O-]
58,ClC(CC1=CC=CC=C1)(Cl)C1O\C(\C(N1)=O)=C/C1=CC=C(C=C1)C(F)(F)F
59,ClC(CC(C)(C)C)(Cl)C1O\C(\C(N1)=O)=C/C1=CC=CC=C1
60,ClC(CC(C)(C)C)(Cl)C1O\C(\C(N1)=O)=C/C1=CC(=CC=C1)OC
61,ClC(CC(C)(C)C)(Cl)C1O\C(\C(N1)=O)=C/C1=CC=C(C=C1)C(F)(F)F
62,ClC(CCCCCC(C)C)(Cl)C1O\C(\C(N1)=O)=C/C1=CC=C(C=C1)C(F)(F)F
63,ClC(CC#C)(Cl)C1O\C(\C(N1)=O)=C/C1=CC=C(C=C1)C(F)(F)F
64,ClC(CC)(Cl)C1O\C(\C(N1)=O)=C/C1=CC=C(C=C1)C(F)(F)F
65,CC(CC1O\C(\C(N1)=O)=C/C1=CC(=CC=C1)C(F)(F)F)(C)C
66,C(C)(C)(C)C1O\C(\C(N1)=O)=C/C1=CC(=CC=C1)C(F)(F)F
67,BrC/1=C(C(O\C1=C/Br)=O)CCCC
68,C(C)(=O)C=1C(=C(C(=C(C1O)C)O)CC=1C(=C(C2=C(C=CC(O2)(C)C)C1O)C(\C=C\C1=CC=CC=C1)=O)O)O
69,CC(\C=C\CCCCCC)=O
70,C1(=CC=CC=C1)\C=C\C(=O)C1=CC=CC=C1
71,C1(=CC=CC=C1)/C=C/C(=O)OCC=1OC=CC1
72,N[C@@H](C(=O)O)CN
73,N[C@@H](C(=O)O)CC1CCCCC1
74,N[C@@H](C(=O)O)CC1CCCC1
75,Br\C=C\1/OC(C2=CC=CC=C12)=O
76,BrC=1C(O\C(\C1)=C/Br)=O
77,BrC/1=C(C(O\C1=C/Br)=O)C(CCC)Br
78,BrC/1=C(C(O\C1=C/Br)=O)C(C)Br
79,BrC/1=C(C(O\C1=C/Br)=O)C(CCCCC)Br
80,BrC/1=C(C(O\C1=C/Br)=O)CCCC
81,BrC/1=C(C(O\C1=C/Br)=O)CC
82,BrC/1=C(C(O\C1=C/Br)=O)CCCCCC
83,BrC/1=C(C(O\C1=C/Br)=O)C
84,Br\C=C/1\C=C(C(S1)=O)CO
85,Cl\C=C/1\C=CC(O1)=O
86,C(/CCCCCCCCC)=C/1\C(NC(S1)=O)=O
87,C(/CCCCCCC)=C/1\C(NC(S1)=O)=O
88,C(C)S(=O)SCC
89,C1(=CC=CC=C1)/C=C/C(=O)OC(CN1C=NC=C1)C1=C(C=C(C=C1)Cl)Cl
90,ClCC(=O)N1C(C(C2=CC(=CC=C12)C)=O)=O
91,ClCC(=O)N1C(C(C2=CC=CC=C12)=O)=O
92,[N+](=O)([O-])C=1C=C(C=C(C1)[N+](=O)[O-])C(C)=O
93,NC1=CC(=C(C=C1)C(C)=O)O
94,NC1=CC=C(C=N1)C(C)=O
95,N1=C(C=NC=C1)C(C)=O
96,N1=CC=C(C=C1)C(C)=O
97,ClC=1C(OC(C1S(=O)(=O)CCCS(=O)(=O)C1=C(C(OC1OC(CCl)CCl)=O)Cl)OC(CCl)CCl)=O
98,CN1C(N(C(C2=C1N=CN(C2C=2C(=NN(C2)C2=CC=CC=C2)C2=CC=C(C=C2)C)C2=CC=C(C=C2)C)=O)C)=O
99,CN1C(N(C(C2=C1N=CN(C2C=2C(=NN(C2)C2=CC=CC=C2)C2=CC=C(C=C2)[N+](=O)[O-])C2=CC=C(C=C2)C)=O)C)=O
100,ClC1=C(C=CC(=C1)Cl)C1OC(=NN1C(C)=O)C1=CC(=C(C(=C1)OC)OC)OC
101,[N+](=O)([O-])C1=C(C=CC=C1)C1OC(=NN1C(C)=O)C1=CC=CC=C1
102,ClC=1C=C(C=C(C1)Cl)C1OC(=NN1C(C)=O)C1=CC(=C(C(=C1)OC)OC)OC
103,BrC=1C=C(C=C(C1O)OC)C1OC(=NN1C(C)=O)C1=CC(=C(C(=C1)OC)OC)OC
104,C1(=CC=CC2=CC=CC=C12)C1OC(=NN1C(C)=O)C1=CC(=C(C(=C1)OC)OC)OC
105,ClC1=CC=C(C=C1)/C=C/C1=NC2=CC=CC=C2C(=C1C(C)=O)C1=CC=CC=C1
106,OC1=C(C=C(C=C1)/C=C/C1=NC2=CC=CC=C2C(=C1C(C)=O)C1=CC=CC=C1)OC
107,COC1=CC=C(C=C1)/C=C/C1=NC2=CC=CC=C2C(=C1C(C)=O)C1=CC=CC=C1
108,FC(C=1C=C(C=C(C1)C(F)(F)F)/C=C/C1=NC2=CC=CC=C2C(=C1C(C)=O)C1=CC=CC=C1)(F)F
109,C1(=CC=CC=C1)C1=C(C(=NC2=CC=CC=C12)\C=C\C1=CC=C(C=C1)OC(F)(F)F)C(C)=O
110,[N+](=O)([O-])C=1C=C2C(=C(C(=NC2=CC1)\C=C\C1=CC(=C(C(=C1)OC)OC)OC)C(C)=O)C1=CC=CC=C1
111,[N+](=O)([O-])C=1C=C2C(=C(C(=NC2=CC1)\C=C\C1=CC=C(C=C1)OC(F)(F)F)C(C)=O)C1=CC=CC=C1
112,CC(CCCCCCCCCCC(=O)O)CC
113,ClC1=NC2=CC=C(C=C2C=C1C1C2C(CC(CC2N2C(C=3C=CC=CC3C(N21)=O)=O)(C)C)=O)OC
114,ClC1=NC2=CC=C(C=C2C=C1C1C=2C(CC(CC2N2C(C=3C=CC=CC3C(N21)=O)=O)(C)C)=O)C
115,ClC1=NC2=CC(=CC=C2C=C1C1C=2C(CC(CC2N2C(C=3C=CC=CC3C(N21)=O)=O)(C)C)=O)OC
116,ClC1=NC2=CC(=CC=C2C=C1C1C=2C(CC(CC2N2C(C=3C=CC=CC3C(N21)=O)=O)(C)C)=O)C
117,ClC1=NC2(C=CC=CC2C=C1C1C=2C(CC(CC2N2C(C=3C=CC=CC3C(N21)=O)=O)(C)C)=O)C
118,ClC1=NC2=CC=CC=C2C=C1C1C=2C(CC(CC2N2C(C=3C=CC=CC3C(N21)=O)=O)(C)C)=O
119,COC=1C=C2C=C(C=3N(C2=CC1)N=NN3)C3C=1C(CC(CC1N1C(C=2C=CC=CC2C(N13)=O)=O)(C)C)=O
120,COC1=CC=C2C=C(C=3N(C2=C1)N=NN3)C3C=1C(CC(CC1N1C(C=2C=CC=CC2C(N13)=O)=O)(C)C)=O
121,CC(CCCCCCCCCCCC(=O)O)C
122,C[C@@]12CC[C@H]([C@@]([C@H]1CCC(=C)[C@H]2C/C=C/3\[C@@H](COC3=O)OC(=O)CCCCC4CCSS4)(C)CO)O
123,C1(=C(C(=CC(=C1)C)C)NC(=O)NC1=CC=C(C=C1)[N+](=O)[O-])C
124,CS(=O)(=O)C1=CC=C(C=C1)C
125,CC1=CC=C(C=C1)CSSCC1=CC=C(C=C1)C
126,C(\C=C(/C)\CCC=C(C)C)OC1C(O)(C=C(C=C1O)O)C(C(CC)C)=O
127,ClC=1C=C(C=CC1Cl)S(=O)(=O)C1=NC=CC(=N1)N1N=NN=C1
128,N(=[N+]=[N-])CC(=O)NC1=C(C=C(C=C1)Br)C(C(=O)NCC#C)=O
129,N(=[N+]=[N-])CC(=O)NC1=C(C=C(C=C1)F)C(C(=O)NCC#C)=O
130,N(=[N+]=[N-])CC(=O)NC1=C(C=C(C=C1)C)C(C(=O)NCC#C)=O
131,N(=[N+]=[N-])CC(=O)NC1=C(C=C(C=C1)[N+](=O)[O-])C(C(=O)NCC#C)=O
132,N(=[N+]=[N-])CC(=O)NC1=C(C=CC=C1)C(C(=O)NCC#C)=O
133,ClCC(=O)NC1=C(C=C(C=C1)F)C(C(=O)NCC#C)=O
134,ClCC(=O)NC1=C(C=C(C=C1)C)C(C(=O)NCC#C)=O
135,ClCC(=O)NC1=C(C=C(C=C1)[N+](=O)[O-])C(C(=O)NCC#C)=O
136,ClCC(=O)NC1=C(C=CC=C1)C(C(=O)NCC#C)=O
137,C1(=CC=CC=C1)/C=C/C(=O)OC(CN1N=CN=C1)(CN1N=CN=C1)C1=C(C=C(C=C1)F)F
138,ClC1=C(C=C(C=C1)F)C=1OC(=NN1)C=1N(C(=C(C1)Br)Br)C
139,S1C(=CC=C1)S(=O)(=O)CC(N)=S
140,FC(C1=CC=C(C=C1)CC(=O)N[C@H]1[C@@H](O[C@@H]([C@H]([C@H]1O)O)CO)O)(F)F
141,BrC=1C=C(N(C1Br)C)C=1OC(=NN1)C1=C(C=C(C=C1)Cl)Cl
142,BrC=1C=C(N(C1Br)C)C=1OC(=NN1)C1=CC=C(C=C1)OC
143,BrC=1C=C(N(C1Br)C)C=1OC(=NN1)C1=CC=C(C=C1)[N+](=O)[O-]
144,BrC=1C=C(N(C1Br)C)C=1OC(=NN1)SCC
145,BrC=1C=C(N(C1Br)C)C=1OC(=NN1)SC
146,BrC=1C=C(N(C1Br)C)C=1OC(=NN1)SC1=CC=CC=C1
147,BrC=1C=C(N(C1Br)C)C=1OC(=NN1)C1=CC=NC=C1
148,BrC=1C=C(N(C1Br)C)C=1OC(=NN1)C1=CC=CC=C1
149,BrC=1C=C(N(C1Br)C)C=1OC(=NN1)C=CC1=CC=CC=C1
150,BrC1=CC=C(C=C1)CC(=O)N[C@H]1[C@@H](O[C@@H]([C@H]([C@H]1O)O)CO)O
151,ClC1=CC=C(C=C1)C=1OC(=NN1)C=1N(C(=C(C1)Br)Br)C
152,ClC1=CC=C(C=C1)CC(=O)N[C@H]1[C@@H](O[C@@H]([C@H]([C@H]1O)O)CO)O
153,FC1=CC=C(C=C1)CC(=O)N[C@H]1[C@@H](O[C@@H]([C@H]([C@H]1O)O)CO)O
154,COC1=CC=C(C=C1)CC(=O)N[C@H]1[C@@H](O[C@@H]([C@H]([C@H]1O)O)CO)O
155,COC1=CC=C(C=C1)CCN=C1NC2=CC=CC=C2NC1=NCCC1=CC=C(C=C1)OC
156,BrC=1C=C(N(C1Br)C)C1=NN=C(O1)C1=C(C=CC=C1)O
157,BrC=1C=CC(=C(C1)C(C(=O)NCC#C)=O)NC(CCl)=O
158,ClC=1C=CC(=C(C1)C(C(=O)NCC#C)=O)NC(CCl)=O
159,O1C(C=CC1)=O
160,NCC1=C(C[C@H](N)C(=O)O)C=CC=C1
161,C(CCCCC)S(=O)(=O)C1=NC=CC(=N1)N1N=NC=C1
162,FC(C1=C(C[C@@H](N)C(=O)O)C=CC=C1)(F)F
163,FC1=C(C[C@H](N)C(=O)O)C(=C(C(=C1F)F)F)F
164,COC1=C(C=CC(=C1)C2C(OC3=C(O2)C=C(C=C3)C4=C(C(=O)C5=C(C=C(C=C5O4)O)O)O)CO)O
165,OC1=C(C(=O)O)C=CC=C1O
166,FC1=C(C[C@H](N)C(=O)O)C=C(C(=C1)F)F
167,FC1=C(C[C@H](N)C(=O)O)C=CC(=C1)F
168,CC1=C(C[C@H](N)C(=O)O)C=CC(=C1)C
169,BrC=1C=C(N(C1Br)C)C=1OC(=NN1)C=1N(C(=C(C1)Br)Br)C
170,NC(C(=O)O)CC1=CC(=CC=C1)Cl
171,NC(C(=O)O)CC1=CC(=CC=C1)[N+](=O)[O-]
172,NC(C(=O)O)CS(=O)C1=CC=C(C=C1)C
173,NC(C(=O)O)CS(=O)CC=C
174,NC(C(=O)O)CS(=O)CCC
175,NC1=C(C(=O)O)C=CC(=C1)Cl
176,NC(C(=O)O)CCC(=O)OC
177,NC1=C(C(=O)O)C(=CC=C1)Cl
178,NC1=C(C(=O)O)C(=CC=C1)F
179,C(C1=CC=CC=C1)C=1OC(=NN1)C=1N(C(=C(C1)Br)Br)C
180,BrC1=C(C(=CC(=C1)C)C(=O)C=1NC(=C(C1Br)Br)Br)O
181,BrC(C(=O)O)CCCCCCCC
182,BrC(C(=O)O)CCCC
183,BrC(C(=O)O)CCCCCC
184,C(N)(=O)C1=C(C[C@H](N)C(=O)O)C=CC=C1
185,C(\C=C(/C)\CCC=C(C)C)OC1C(O)(C=C(C=C1O)O)C(C(C)C)=O
186,C(\C=C(/C)\CCC=C(C)C)OC1=C(C(=O)C2=CC=CC=C2)C(=CC(=C1)O)O
187,C(CCCCC)/C=1/C(=O)OC(\C1)=O
188,OC1=C(C=CC=C1)C=CC(=O)C1=CC=CC=C1
189,COC1=C(C=CC(=C1)CCC)O
190,COC1=C(C=CC=O)C=CC=C1
191,COC1=C(C[C@@H](N)C(=O)O)C=CC=C1
192,COC1=C(O)C=CC(=C1)O
193,[N+](=O)([O-])C1=C(C=CC=O)C=CC=C1
194,N1C(CC2=CC=CC=C12)=O
195,C1(=CC=CC2=CC=CC=C12)C[C@@H](N)C(=O)O
196,O1C(=CC=C1)C[C@@H](N)C(=O)O
197,O1C(=CC=C1)CN1C(=NC2=C(C1=O)C1=C(S2)CCC1)SCC1=NNC(=C1)O
198,C1=C(C=CC2=CC=CC=C12)C[C@H](N)C(=O)O
199,C1=C(C=CC2=CC=CC=C12)C[C@@H](N)C(=O)O
200,N1=C(C=CC=C1)C[C@H](N)C(=O)O
201,S1C(=CC=C1)C[C@H](N)C(=O)O
202,S1C(=CC=C1)C[C@@H](N)C(=O)O
203,FC=1C=C(C=CC1)N1C(SC(C1=O)=CC1=CC(=C(C=C1)O)OCC)=S
204,N1=CC(=CC=C1)C[C@H](N)C(=O)O
205,FC1=CC=C(C=C1)N1C(SC(C1=O)=CC1=CC(=C(C=C1)O)OCC=C)=S
206,FC1=CC=C(C=C1)N1C(SC(C1=O)=CC1=CC(=C(C=C1)O)OCC)=S
207,N1=CC=C(C=C1)C[C@H](N)C(=O)O
208,N1=CC(=CC=C1)N1C(SC(C1=O)=CC1=CC(=C(C=C1)O)OCC)=S
209,FC(C=1C=C(C[C@H](N)C(=O)O)C=CC1)(F)F
210,CC1(CC(C=2C(N3N(C(C=4C=CC=CC4C3=O)=O)C2C1)C=1C=2N(C3=CC=CC=C3C1)N=NN2)=O)C
211,CC1(CC(C=2C(N3N(C(C=4C=CC=CC4C3=O)=O)C2C1)C=1C=2N(C3=CC=C(C=C3C1)C)N=NN2)=O)C
212,CC1(CC(C=2C(N3N(C(C=4C=CC=CC4C3=O)=O)C2C1)C=1C=2N(C3=CC(=CC=C3C1)C)N=NN2)=O)C
213,CC1(CC(C=2C(N3N(C(C=4C=CC=CC4C3=O)=O)C2C1)C=1C=2N(C3=C(C=CC=C3C1)C)N=NN2)=O)C
214,ClC=1C(OC(C1Cl)OC(CCl)CCl)=O
215,ClC=1C(OC(C1Cl)S(=O)(=O)C1=CC=C(C=C1)C)=O
216,ClC=1C=C(C=CC=O)C=CC1Cl
217,COC=1C=C(C=CC1OC)C=CC(=O)C1=CC=CC=C1
218,IC=1C=C(C[C@H](N)C(=O)O)C=C(C1O)I
219,CC=1C=C(N)C=C(C1)C
220,C(C=C)S(=O)SCC=C
221,C[C@@]1([C@@H](CC[C@]2(C(=CCC[C@H]12)C)C)C)CCC=1C(OC(C1)=C)NC1=CC=CC=C1
222,C[C@@]1([C@@H](CC[C@]2(C(=CCC[C@H]12)C)C)C)CCC=1C(OC(C1)=C)NC1=C(C=CC=C1)F
223,NC(C(C)=O)CC1=C(C=C(C=C1)F)F
224,BrC=1C(OC(C1SC1=CC=C(C=C1)C)OC)=O
225,C(N)(=O)C=1C=C(C[C@H](N)C(=O)O)C=CC1
226,ClC=1C(OC(C1SC1=CC=C(C=C1)C)OCCCl)=O
227,ClC=1C(OC(C1SC1=CC=C(C=C1)C)O)=O
228,ClC=1C(OC(C1S(=O)(=O)C1=CC=C(C=C1)C)O)=O
229,ClC=1C=C(C[C@H](N)C(=O)O)C=CC1O
230,FC=1C=C(N)C=CC1
231,FC=1C=C(CC(N)C(=O)O)C=CC1
232,C(\C=C(/C)\CCC=C(C)C)C1(CC(O)(C=C(C1)O)C(C(CC)C)=O)O
233,C(\C=C(/C)\CCC=C(C)C)C1(CC(O)(C=C(C1)O)C(C(C)C)=O)O
234,C(CCCCC)C=1C(OC(C1Br)=C)=O
235,C(CCCCC)C=1C(OC(C1)=CBr)=O
236,OC=1C=C(C=CC1)C=CC(=O)C1=CC=CC=C1
237,OC=1C=C(C[C@H](N)C(=O)O)C=CC1
238,OC=1C=C(C[C@H](N)C(=O)O)C=CC1O
239,N1C=C(C2=CC=CC=C12)CC#N
240,IC=1C=C(C[C@H](N)C(=O)O)C=CC1O
241,COC=1C=C(C=CC1)C=CC(=O)C1=CC=CC=C1
242,COC=1C=C(C[C@@H](N)C(=O)O)C=CC1
243,CC=1C=C(C[C@@H](N)C(=O)O)C=CC1
244,[N+](=O)([O-])C=1C=C(C[C@@H](N)C(=O)O)C=CC1O
245,[N+](=O)([O-])C=1C=C(C[C@H](N)C(=O)O)C=CC1
246,CCCC(=O)CC(=O)N[C@H]1CCOC1=O
247,CCCCCC(=O)CC(=O)N[C@H]1CCOC1=O
248,BrC=1C=C(N(C1Br)C)C1=NN=C(O1)C=CC1=CC(=C(C=C1)O)OC
249,BrC=1C=C(N(C1Br)C)C1=NN=C(O1)C1=CC=C(N)C=C1
250,NCC1=CC=C(C[C@@H](N)C(=O)O)C=C1
251,OC(C(C(C)=O)=O)CO
252,C(C)(=O)NC1=CC=C(C[C@@H](N)C(=O)O)C=C1
253,NC1=CC=C(C[C@@H](N)C(=O)O)C=C1
254,C(C1=CC=CC=C1)(=O)C1=CC=C(C[C@H](N)C(=O)O)C=C1
255,C(C1=CC=CC=C1)S(=O)(=O)C1=C(C(OC1O)=O)Cl
256,BrC1=C(C(OC1=CBr)=O)C(CCC)OCC#C
257,BrC1=C(C(OC1=CBr)=O)C(CCC)OCCOCCOCCN=[N+]=[N-]
258,BrC1=C(C(OC1=CBr)=O)C(CCC)OC(C)=O
259,BrC1=C(C(OC1=CBr)=O)C(CCC)Br
260,BrC1=C(C(OC1=CBr)=O)CCCC
261,BrC1=C(C(OC1=C(Br)Br)=O)C(C)Br
262,BrC1=C(C(OC1=C(Br)Br)=O)CC
263,BrC1=CC=C(N)C=C1
264,BrC1=CC=C(C[C@@H](N)C(=O)O)C=C1
265,ClC1=CC(=C(CC(N)C(=O)O)C=C1)F
266,ClC1=CC=NC2=CC(=CC=C12)C(F)(F)F
267,ClC1=CC=C(N)C=C1
268,ClC1=CC=C(C=C1)C=CC(=O)C1=CC=CC=C1
269,ClC1=CC=NC2=CC=CC=C12
270,C(#N)C1=CC=C(C[C@H](N)C(=O)O)C=C1
271,C(C)C=1C=C(C(O)=CC1)O
272,C(C)C=1C=C(C(=CC1)OC)O
273,F[C@](C(C(C)=O)=O)(CO)O
274,FC1=CC(=C(C[C@@H](N)C(=O)O)C=C1)C
275,FC1=CC=C(C[C@@H](N)C(=O)O)C=C1
276,FC1=C2C=CNC2=CC=C1
277,C[C@H]1C[C@@H]2[C@H](CC=C1CCC(C)O)C(=C)C(=O)O2
278,OC1=CC(OC2=CC=CC=C12)=O
279,OC=1C(C(OC1C)C)=O
280,OC1=CC=C(C=C1)C=CC(=O)C1=CC=CC=C1
281,IC1=CC=C(C[C@@H](N)C(=O)O)C=C1
282,CS(=O)(=O)C1=CC=C(N)C=C1
283,COC(=O)C1=CC=C(C=C1)B(O)O
284,COC1=CC=C(C=C1)C=CC(=O)C1=CC=CC=C1
285,COC1=CC=C(C=CC=O)C=C1
286,CC1=CC=C(C[C@H](N)C(=O)O)C=C1
287,[N+](=O)([O-])C1=CC=C(C=CC=O)C=C1
288,[N+](=O)([O-])C1=CC=C(C[C@@H](N)C(=O)O)C=C1
289,[N+](=O)([O-])C1=CC=[N+](C=C1)[O-]
290,C1(=CC=CC=C1)CCCC(=O)N[C@H]1[C@@H](O[C@@H]([C@H]([C@H]1O)O)CO)O
291,BrC=1C=C(N(C1Br)C)C1=NN=C(O1)S
292,BrC(=C1C=C(C(O1)=O)C(C)OC(C)=O)Br
293,BrC(=C1C=C(C(O1)=O)C(CCC)Br)Br
294,BrC(=C1C=C(C(O1)=O)C(C)Br)Br
295,BrC(=C1C=C(C(O1)=O)CCCC)Br
296,BrC(=C1C=C(C(O1)=O)CC)Br
297,BrC(=C1C=C(C(O1)=O)CCCCCC)Br
298,C(CCCC#CCC#CCC#CCC#CCCCCC)(=O)O
299,BrC=1C=C2C(C(N(C2=CC1)C(CCl)=O)=O)=O
300,BrC=1C=C2C=CNC2=CC1
301,BrC=C1C=CC(O1)=O
302,ClC=1C=C2C(C(N(C2=CC1)C(CCl)=O)=O)=O
303,ClC=1C=C2C=CNC2=CC1
304,C(CCCCCCCCC)C1C(NC(S1)=O)=O
305,FC=1C(=NC(NC1)=O)N
306,FC=1C=C2C=CNC2=CC1
307,OC1C(=C(C(O1)=O)Cl)S(=O)(=O)C1=CC=C(C=C1)C
308,C(CCCCCCC)C1C(NC(S1)=O)=O
309,ClC1=CC=C(C=C1)N1C=NC2=C(C1C=1C(=NN(C1)C1=CC=CC=C1)C1=CC=C(C=C1)C)C(N(C(N2C)=O)C)=O
310,NC=1C=C2C(C=C(OC2=CC1)C1=CC=CC=C1)=O
311,ClC1=CC=C2C=CNC2=C1
312,ClC1=CC=C2CC(NC2=C1)=O
313,FC1=CC=C2C=CNC2=C1
314,CCCCC[C@@H](CC(=O)CCC1=CC(=C(C=C1)O)OC)O
315,OC=1C=C2C(C=C(OC2=CC1)C1=CC=CC=C1)=O
316,BrC=1C=CC=C2C=CNC12
317,ClC=1C=CC=C2C=CNC12
318,ClC1=CC=C2C(=CC=NC2=C1)O
319,FC=1C=CC=C2C=CNC12
320,FC=1C=CC=C2C(C(NC12)=O)=O
321,C(=O)C=1C=CC=C2C=CNC12
322,OC=1C=CC=C2C=CNC12
323,COC=1C=CC=C2C=CNC12
324,CC=1C=CC=C2C=CNC12
325,[N+](=O)([O-])C=1C=CC=C2C=CNC12
326,FC=1C=CC=C2C=CC=NC12
327,OC1=CC=CN2C1=NC(=CC2=O)CCC
328,C1=CC2=C(C=CC=C2Cl)C(=C1)S(=O)(=O)NCCN
329,NC1=NC2=C(N=CN2[C@@H]2C[C@H](CO)C=C2)C(NC2CC2)=N1
330,C1[C@@]([C@H]([C@@H](O1)OC[C@@H]2[C@H]([C@@H]([C@H]([C@@H](O2)O[C@H](CCCCC3=CC=C(C=C3)O)CCC4=CC=C(C=C4)O)O)O)O)O)(CO)O
331,C1CC(=O)C2=C1C3=C(C4=C(C=C3O)O[C@@H]5[C@H]4C=CO5)OC2=O
332,C=CCSS/C=C/CS(=O)CC=C
333,CCCSC1=CC2=C(C=C1)N=C(NC(=O)OC)N2
334,CCCCC(CC)CN=C(N)NC(=NCCCCCCN=C(N)NC(=NCC(CC)CCCC)N)N.Cl.Cl
335,C=CCSS(=O)CC=C
336,C1=CC2=C(C(=C1)O)C(=O)C3=C(C2=O)C=C(C=C3O)CO
337,CC1=CCC[C@]2([C@H]1C[C@@H](CC2)C(=C)C(=O)O)C
338,C/C/1=C\CC(/C=C/C/C(=C/CC1)/C)(C)C
339,CC1=CCC2C3C1C2(CCCC3(C)C)C
340,CC(=CCC1=C(C2=C(C=C1O)OC3=C(C2=O)C(=C(C(=C3)O)OC)CC=C(C)C)O)C
341,C12C(=CCC(C1(C)C)C2)C
342,CC1=C(C2=C(CC[C@@](O2)(C)CCC[C@H](C)CCC[C@H](C)CCCC(C)C)C(=C1O)C)C
343,NC12CC3CC(CC(C3)C1)C2
344,NCC[C@H](O)C(=O)N[C@@H]1C[C@H](N)[C@@H](O[C@H]2O[C@H](CN)[C@@H](O)[C@H](O)[C@H]2O)[C@H](O)[C@H]1O[C@H]1O[C@H](CO)[C@@H](O)[C@H](N)[C@H]1O
345,C1[C@@H]([C@H]([C@@H]([C@H]([C@@H]1NC(=O)[C@H](CCN)O)O[C@@H]2[C@@H]([C@H]([C@@H]([C@H](O2)CO)O)N)O)O)O[C@@H]3[C@@H]([C@H]([C@@H]([C@H](O3)CN)O)O)O)N.OS(=O)(=O)O.OS(=O)(=O)O
346,NC1CC1
347,CCOC(=O)C1=C(COCCN)NC(C)=C(C1C1=CC=CC=C1Cl)C(=O)OC
348,[H][C@]12SC(C)(C)[C@@H](N1C(=O)[C@H]2NC(=O)[C@H](N)C1=CC=C(O)C=C1)C(O)=O
349,[H][C@]12C[C@@H](O[C@@H]3O[C@H](C)[C@@H](O)[C@H](N)[C@@H]3O)\C=C\C=C\C=C\C=C\C=C\C=C\C=C\[C@H](C)[C@@H](O)[C@@H](C)[C@H](C)OC(=O)C[C@H](O)C[C@H](O)CC[C@@H](O)[C@H](O)C[C@H](O)C[C@](O)(C[C@H](O)[C@H]1C(O)=O)O2
350,[H][C@]12SC(C)(C)[C@@H](N1C(=O)[C@H]2NC(=O)[C@H](N)C1=CC=CC=C1)C(O)=O
351,CC(C)CN(C[C@@H](O)[C@H](CC1=CC=CC=C1)NC(=O)O[C@H]1CCOC1)S(=O)(=O)C1=CC=C(N)C=C1
352,[H][C@]1(NC(=O)[C@@H](NC(=O)[C@@H]2C[C@@H](O)CN2C(=O)[C@@H](NC(=O)[C@H](C[C@@H](O)[C@@H](O)NC(=O)[C@@H]2[C@@H](O)[C@@H](C)CN2C1=O)NC(=O)C1=CC=C(C=C1)C1=CC=C(C=C1)C1=CC=C(OCCCCC)C=C1)[C@@H](C)O)[C@H](O)[C@@H](O)C1=CC=C(O)C=C1)[C@@H](C)O
353,NC1=CC=CC=C1
354,C1=CC2=C(C=C1O)C(=O)C3=C(C2=O)C=C(C=C3)O
355,C(C=1C(N)=CC=CC1)(=O)[O-]
356,OC1=CC=C(C=C1)C1=CC(=O)C2=C(O1)C=C(O)C=C2O
357,NCC[C@H](O)C(=O)N[C@@H]1C[C@H](N)[C@@H](O[C@H]2O[C@H](CN)CC[C@H]2N)[C@H](O)[C@H]1O[C@H]1O[C@H](CO)[C@@H](O)[C@H](N)[C@H]1O
358,C/C/1=C\CCC2(C(O2)CC/C(=C\C(C(CC1)C(=C)C)O)/CO)C
359,C/C/1=C\CC[C@@]2([C@H](O2)CC/C(=C\[C@@H]([C@H](CC1)C(=C)C)O)/COC(=O)C)C
360,CC(=O)OC1=CC=CC=C1C(=O)O
361,COC(=O)N[C@H](C(=O)N[C@@H](CC1=CC=CC=C1)[C@@H](O)CN(CC1=CC=C(C=C1)C1=CC=CC=N1)NC(=O)[C@@H](NC(=O)OC)C(C)(C)C)C(C)(C)C
362,OC1=C([C@H]2CC[C@@H](CC2)C2=CC=C(Cl)C=C2)C(=O)C2=CC=CC=C2C1=O
363,CCP(CC)(CC)=[Au]S[C@@H]1O[C@H](COC(C)=O)[C@@H](OC(C)=O)[C@H](OC(C)=O)[C@H]1OC(C)=O
364,[B-]1(O[C@@]2([C@](O1)([C@H](CO2)O)O)C)(O)O
365,CC[C@H](C)[C@@H]1[C@H](C=C[C@@]2(O1)C[C@@H]3C[C@H](O2)C/C=C(/[C@H]([C@H](/C=C/C=C/4\CO[C@H]5[C@@]4([C@@H](C=C([C@H]5O)C)C(=O)O3)O)C)O[C@H]6C[C@@H]([C@H]([C@@H](O6)C)O[C@H]7C[C@@H]([C@H]([C@@H](O7)C)O)OC)OC)\C)C
366,NC(=O)[C@@H]1CC[C@@H]2CN1C(=O)N2OS(O)(=O)=O
367,[H][C@]12SC(C)(C)[C@@H](N1C(=O)[C@H]2NC(=O)[C@H](N=[N+]=[N-])C1=CC=CC=C1)C(O)=O
368,CC[C@H]1OC(=O)[C@H](C)[C@@H](O[C@H]2C[C@@](C)(OC)[C@@H](O)[C@H](C)O2)[C@H](C)[C@@H](O[C@@H]2O[C@H](C)C[C@@H]([C@H]2O)N(C)C)[C@](C)(O)C[C@@H](C)CN(C)[C@H](C)[C@@H](O)[C@]1(C)O
369,[H][C@](NC(=O)N1CCNC1=O)(C(=O)N[C@@H]1C(=O)N2[C@@H](C(O)=O)C(C)(C)S[C@]12[H])C1=CC=CC=C1
370,C[C@H]1[C@H](NC(=O)C(=N/OC(C)(C)C(=O)O)\C2=CSC([NH3+])=N2)C(=O)N1S([O-])(=O)=O
371,[H][C@]12SC(C)(C)[C@@H](N1C(=O)[C@H]2NC(=O)[C@H](N)C1=CC=CC=C1)C(=O)OC(C)OC(=O)OCC
372,CC[C@H](C)[C@H](N)C1=N[C@@H](CS1)C(=O)N[C@@H](CC(C)C)C(=O)N[C@H](CCC(O)=O)C(=O)N[C@@H]([C@@H](C)CC)C(=O)N[C@H]1CCCCNC(=O)[C@H](CC(N)=O)NC(=O)[C@@H](CC(O)=O)NC(=O)[C@H](CC2=CNC=N2)NC(=O)[C@@H](CC2=CC=CC=C2)NC(=O)[C@@H](NC(=O)[C@@H](CCCN)NC1=O)[C@@H](C)CC
373,CCC(C)C1C(=O)NC(C(=O)NC(C(=O)NC(C(=O)NC(C(=O)NC(C(=O)NC(CSSCC(C(=O)NC(C(=O)N1)CCCN=C(N)N)NC(=O)C(CC(C)C)NC(=O)C(CCCN=C(N)N)N)C(=O)NC(CCCN=C(N)N)C(=O)O)C(C)C)CCCN=C(N)N)C(C)CC)C(C)C)C(C)C
374,C1=CC=C(C=C1)C2=CC(=O)C3=C(O2)C=C(C(=C3O)O)O
375,C1=CC=C(C=C1)C2=CC(=O)C3=C(C(=C(C=C3O2)O[C@H]4[C@@H]([C@H]([C@@H]([C@H](O4)C(=O)O)O)O)O)O)O
376,COC1=NC2=C(C=C(Br)C=C2)C=C1[C@@H](C1=CC=CC=C1)[C@@](O)(CCN(C)C)C1=CC=CC2=C1C=CC=C2
377,C(C1=CC=CC=C1)=CC(C)=O
378,CC1([C@@H](N2[C@H](S1)[C@@H](C2=O)NC(=O)CC3=CC=CC=C3)C(=O)O)C.CC1([C@@H](N2[C@H](S1)[C@@H](C2=O)NC(=O)CC3=CC=CC=C3)C(=O)O)C.C1=CC=C(C=C1)CNCCNCC2=CC=CC=C2
379,CCC1=C(C(=O)C2=CC(Br)=C(O)C(Br)=C2)C2=CC=CC=C2O1
380,CC(C)(C)CC(C)(C)C1=CC=C(C=C1)OCCOCC[N+](C)(C)CC2=CC=CC=C2.[Cl-]
381,CCOC(=O)C1=CC=C(N)C=C1
382,C(C1=CC=CC=C1)(=O)OOC(C1=CC=CC=C1)=O
383,[H][C@]12SC(C)(C)[C@@H](N1C(=O)[C@H]2NC(=O)CC1=CC=CC=C1)C(O)=O
384,CC(=CCC/C(=C/COC1=C2C=CC(=O)OC2=CC3=C1C=CO3)/C)C
385,N[C@@H]1CCCCN(C1)C1=C(F)C=C2C(=O)C(=CN(C3CC3)C2=C1Cl)C(O)=O
386,C/C/1=C\CCC(=C)[C@H]2CC([C@@H]2CC1)(C)C
387,C12C(CCC(C1(C)C)C2)=C
388,CC[C@H](CC[C@@H](C)[C@H]1CC[C@@H]2[C@@]1(CC[C@H]3[C@H]2CC=C4[C@@]3(CC[C@@H](C4)O[C@H]5[C@@H]([C@H]([C@@H]([C@H](O5)CO)O)O)O)C)C)C(C)C
389,CC(=C)[C@@H]1CC[C@]2([C@H]1[C@H]3CC[C@@H]4[C@]5(CC[C@@H](C([C@@H]5CC[C@]4([C@@]3(CC2)C)C)(C)C)O)C)CO
390,[H][C@]12[C@@H](CC[C@@]1(CC[C@]1(C)[C@]2([H])CC[C@]2([H])[C@@]3(C)CC[C@H](OC(=O)CC(C)(C)C(O)=O)C(C)(C)[C@]3([H])CC[C@@]12C)C(O)=O)C(C)=C
391,C1=CN(C=N1)C(C1=CC=CC=C1)C1=CC=C(C=C1)C1=CC=CC=C1
392,C1(=CC=CC=C1)C1=CC=CC=C1
393,CC1=CC=C(C=C1)CSSCC1=CC=C(C=C1)C
394,CC[C@H](C)[C@@H](C(=O)N1CCC[C@H]1C(=O)N[C@@H](CC(C)C)C(=O)N[C@@H](CC(C)C)C(=O)N[C@@H](CC2=CN=CN2)C(=O)N[C@@H](CC(C)C)C(=O)N)NC(=O)[C@H](C(C)C)NC(=O)[C@@H]3CCCN3C(=O)[C@H](CO)NC(=O)[C@H](CC(C)C)NC(=O)[C@H](CCCCN)NC(=O)[C@H](CCCCN)NC(=O)[C@H](CC4=CC=CC=C4)NC(=O)[C@H](CC(C)C)NC(=O)[C@H](CCCCN)NC(=O)[C@H](CCCCN)NC(=O)[C@H](CC5=CC=CC=C5)NC(=O)[C@H](CCCCN)NC(=O)[C@H](CCCCN)NC(=O)[C@H](CCCNC(=N)N)NC(=O)[C@H](CC6=CC=CC=C6)NC(=O)[C@H](CCCNC(=N)N)NC(=O)[C@H](CCCCN)NC(=O)[C@H](CC7=CC=CC=C7)NC(=O)[C@H](CCCNC(=N)N)NC(=O)CN
395,CC[C@H](C)[C@@H](C(=O)N)NC(=O)[C@H](CCCNC(=N)N)NC(=O)[C@H]([C@@H](C)CC)NC(=O)[C@H]([C@@H](C)CC)NC(=O)[C@@H]1CCCN1C(=O)[C@H](C(C)C)NC(=O)[C@H]([C@@H](C)CC)NC(=O)[C@H]([C@@H](C)CC)NC(=O)[C@@H]2CCCN2C(=O)CNC(=O)[C@H](CC3=CC=C(C=C3)O)NC(=O)[C@H](CCCCN)NC(=O)[C@H](CCCCN)NC(=O)[C@H](CC4=CNC5=CC=CC=C54)NC(=O)[C@H](C)NC(=O)[C@H](CCCNC(=N)N)NC(=O)[C@H](CC(C)C)NC(=O)[C@H]([C@@H](C)CC)NC(=O)[C@H](CCCCN)NC(=O)[C@H](CCCNC(=N)N)NC(=O)CNC(=O)[C@H](CC(C)C)NC(=O)[C@H](CO)NC(=O)[C@H](CCCNC(=N)N)NC(=O)[C@H](CC(C)C)NC(=O)CNC(=O)CN
396,[H][C@]12OCC[C@@]1([H])[C@H](CO2)OC(=O)N[C@@H](CC1=CC=C(OCC2=CSC(C)=N2)C=C1)[C@H](O)CN(CC(C)C)S(=O)(=O)C1=CC2=C(OCO2)C=C1
397,BrCCCCCC/C=1/C(=O)OC(\C1)=O
398,CC(C(C1=CC=CC=C1)O)[NH2+]CC2=CC(=C(C=C2)OC)OC.[Cl-]
399,C(CCCN)N
400,C1=CC(=C(C=C1/C=C/C(=O)C2=C(C=C(C=C2)O)O)O)O
401,CC(C)(C)C1=CC=C(C=C1)CN(C)CC2=CC=CC3=CC=CC=C32.Cl
402,ClC1=CC=C(CCC(CN2C=CN=C2)SC2=C(Cl)C=CC=C2Cl)C=C1
403,C(C1=CC(O)=C(O)C(O)=C1)(=O)OCCCC
404,CCCC(=O)N[C@H]1CCOC1=O
405,CCCCCC(=O)N[C@H]1CCOC1=O
406,CCCCCCCC(=O)N[C@H]1CCOC1=O
407,[Cd+2]
408,C(\C=C\C1=CC(O)=C(O)C=C1)(=O)O
409,CN1C=NC2=C1C(=O)N(C)C(=O)N2C
410,CCCC1=CC(=O)OC2=C1C1=C(C=CC(C)(C)O1)C1=C2[C@@H](O)[C@H](C)[C@@H](C)O1
411,[Cl-].[Cl-].[Ca++]
412,C[As](=O)(O)[O-].C[As](=O)(O)[O-].[Ca+2]
413,C12C(C)(C)C(=C)C(CC1)C2
414,[H][C@@]1(CCN=C(N)N1)[C@]1([H])NC(=O)\C(NC(=O)[C@H](CNC(=O)C[C@@H](N)CCCN)NC(=O)[C@H](C)NC(=O)[C@@H](N)CNC1=O)=C/NC(N)=O.[H][C@@]1(CCN=C(N)N1)[C@]1([H])NC(=O)\C(NC(=O)[C@H](CNC(=O)C[C@@H](N)CCCN)NC(=O)[C@H](CO)NC(=O)[C@@H](N)CNC1=O)=C/NC(N)=O
415,CC(CC[C@H]1[C@H]2[C@@]1(C[C@@H]3[C@H](C2)C(=C)C(=O)O3)C)O
416,CC(=O)CC[C@H]1[C@H]2[C@@]1(C[C@@H]3[C@H](C2)C(=C)C(=O)O3)C
417,ClC=1C=C(C=CC1)NN=C(C#N)C#N
418,CC(=O)N[C@@H]1[C@H](C([C@H](O[C@H]1OC2[C@H](O[C@H]([C@@H]([C@H]2O)N)O)CO)CO)O[C@H]3[C@@H]([C@H]([C@@H]([C@H](O3)CO)O)O)N)O
419,CC1=C2C(=CC(=C1C(=O)O)O)C(=O)C3=C(C2=O)C(=C(C(=C3O)O)[C@H]4[C@@H]([C@H]([C@@H]([C@H](O4)CO)O)O)O)O
420,Cl.OC(C[N+](C)(C)C)CC([O-])=O
421,C[C@@H]\1CCC[C@@H]([C@H](OC(=O)[C@@H]([C@@H](/C=C1)O)O)/C(=C/[C@@H](C)C(=O)[C@H](C)[C@@H](CC(=O)O)OC)/C)C
422,C1=C(O)C(C)=CC=C1C(C)C
423,CCC(C)CC(C)CCCCCCCCC(=O)N[C@H]1C[C@@H](O)[C@@H](NCCN)NC(=O)[C@@H]2[C@@H](O)CCN2C(=O)[C@@H](NC(=O)[C@@H](NC(=O)[C@@H]2C[C@@H](O)CN2C(=O)[C@@H](NC1=O)[C@@H](C)O)[C@H](O)[C@@H](O)C1=CC=C(O)C=C1)[C@H](O)CCN
424,C1[C@@H]([C@H](OC2=CC(=CC(=C21)O)O)C3=CC(=C(C=C3)O)O)O
425,C1[C@H]([C@@H](OC2=CC(=CC(=C21)O)O)C3=CC(=C(C=C3)O)O)OC(=O)C4=CC(=C(C(=C4)O)O)O
426,CC[C@H](C)[C@@H](C(=O)NCC(=O)N[C@@H](CCCCN)C(=O)N[C@@H](CCC(=O)O)C(=O)N[C@@H](CC1=CC=CC=C1)C(=O)N[C@@H](CCCCN)C(=O)N[C@@H](CCCNC(=N)N)C(=O)N[C@@H]([C@@H](C)CC)C(=O)N[C@@H](C(C)C)C(=O)N[C@@H](CCC(=O)N)C(=O)N[C@@H](CCCNC(=N)N)C(=O)N[C@@H]([C@@H](C)CC)C(=O)N[C@@H](CCCCN)C(=O)N[C@@H](CC(=O)O)C(=O)N[C@@H](CC2=CC=CC=C2)C(=O)N[C@@H](CC(C)C)C(=O)N[C@@H](CCCNC(=N)N)C(=O)N[C@@H](CC(=O)N)C(=O)N[C@@H](CC(C)C)C(=O)N[C@@H](C(C)C)C(=O)N3CCC[C@H]3C(=O)N[C@@H](CCCNC(=N)N)C(=O)N[C@@H]([C@@H](C)O)C(=O)N[C@@H](CCC(=O)O)C(=O)N[C@@H](CO)C(=O)O)NC(=O)[C@H](CCCCN)NC(=O)[C@H](CCC(=O)O)NC(=O)[C@H](CCCCN)NC(=O)[C@H](CO)NC(=O)[C@H](CCCCN)NC(=O)[C@H](CCCNC(=N)N)NC(=O)[C@H](CC4=CC=CC=C4)NC(=O)[C@H](CC5=CC=CC=C5)NC(=O)[C@H](CC(=O)O)NC(=O)CNC(=O)[C@H](CC(C)C)NC(=O)[C@H](CC(C)C)N
427,CC[C@H](C)[C@@H](C(=O)N[C@@H](C(C)C)C(=O)N[C@@H](CCCCN)C(=O)N[C@@H](C)C(=O)NCC(=O)N1CCC[C@H]1C(=O)N[C@@H](C)C(=O)N[C@@H]([C@@H](C)CC)C(=O)N[C@@H](C)C(=O)N[C@@H](C(C)C)C(=O)N[C@@H](CC(C)C)C(=O)NCC(=O)N[C@@H](CCC(=O)O)C(=O)N[C@@H](C)C(=O)N[C@@H](CCCCN)C(=O)N[C@@H](C)C(=O)N[C@@H](CC(C)C)C(=O)N)NC(=O)CNC(=O)[C@H](CC(=O)N)NC(=O)[C@H](CCCNC(=N)N)NC(=O)[C@H]([C@@H](C)CC)NC(=O)[C@H](CC(=O)N)NC(=O)[C@H](CCCNC(=N)N)NC(=O)CNC(=O)[C@H](CCSC)NC(=O)[C@H](CCCCN)NC(=O)[C@H](CCC(=O)O)NC(=O)[C@H]([C@@H](C)CC)NC(=O)[C@H](CCCCN)NC(=O)[C@H](CCCCN)NC(=O)[C@H](CC2=CC=CC=C2)NC(=O)[C@H](C(C)C)NC(=O)[C@H](CCCCN)NC(=O)[C@H](CC3=CNC4=CC=CC=C43)NC(=O)[C@H](CCCCN)N
428,[H][C@]12SCC(COC(C)=O)=C(N1C(=O)[C@H]2NC(=O)CC#N)C(O)=O
429,[H][C@]12SCC(Cl)=C(N1C(=O)[C@H]2NC(=O)[C@H](N)C1=CC=CC=C1)C(O)=O
430,[H][C@]12SCC(C)=C(N1C(=O)[C@H]2NC(=O)[C@H](N)C1=CC=C(O)C=C1)C(O)=O
431,[H][C@]12SCC(C[N+]3=CC=C(C=C3)C(N)=O)=C(N1C(=O)[C@H]2NC(=O)CC1=CC=CS1)C([O-])=O
432,[H][C@@]1(NC(=O)CC2=CC=CS2)C(=O)N2C(C(O)=O)=C(COC(C)=O)CS[C@]12[H]
433,[H][C@]12SCC(CSC3=NN=NN3C)=C(N1C(=O)[C@H]2NC(=O)[C@H](O)C1=CC=CC=C1)C(O)=O
434,[H][C@]12SCC(COC(C)=O)=C(N1C(=O)[C@H]2NC(=O)CSC1=CC=NC=C1)C(O)=O
435,[H][C@]12SCC(CSC3=NN=C(C)S3)=C(N1C(=O)[C@H]2NC(=O)CN1C=NN=N1)C(O)=O
436,[H][C@]12SCC(\C=C/C3=C(C)N=CS3)=C(N1C(=O)[C@H]2NC(=O)C(=N/OC)\C1=CSC(N)=N1)C(O)=O
437,CO\N=C(/C(=O)N[C@@H]1C(=O)N2[C@]1([H])SCC(C[N+]1(C)CCCC1)=C2C([O-])=O)C1=CSC(N)=N1
438,[H][C@]12SCC(C=C)=C(N1C(=O)[C@H]2NC(=O)C(=N/OCC(O)=O)\C1=CSC(N)=N1)C(O)=O
439,[H][C@]12SCC(CSC3=NN=NN3C)=C(N1C(=O)[C@H]2NC(=O)C(=N/OC)\C1=CSC(N)=N1)C(O)=O
440,[H][C@]12SCC(CSC3=NN=NN3C)=C(N1C(=O)[C@]2(NC(=O)CSCC#N)OC)C(O)=O
441,[H][C@]12SCC(CSC3=NN=NN3CS(O)(=O)=O)=C(N1C(=O)[C@H]2NC(=O)[C@H](O)C1=CC=CC=C1)C(O)=O
442,[H][C@]12SCC(CSC3=NN=NN3C)=C(N1C(=O)[C@@]2([H])NC(=O)[C@H](NC(=O)N1CCN(CC)C(=O)C1=O)C1=CC=C(O)C=C1)C(O)=O
443,[H][C@]12SCC(CSC3=NN=NN3CC(O)=O)=C(N1C(=O)[C@H]2NC(=O)CC1=CC=CC=C1CN)C(O)=O
444,[H][C@]12SCC(COC(C)=O)=C(N1C(=O)[C@H]2NC(=O)C(=N/OC)\C1=CSC(N)=N1)C(O)=O
445,[H][C@]12SCC(CSC3=NN=NN3C)=C(N1C(=O)[C@]2(NC(=O)C1SC(S1)=C(C(N)=O)C(O)=O)OC)C(O)=O
446,[H][C@]12SCC(CSC3=NN=NN3CCN(C)C)=C(N1C(=O)[C@H]2NC(=O)CC1=CSC(N)=N1)C(O)=O
447,[H][C@]12SCC(COC(N)=O)=C(N1C(=O)[C@]2(NC(=O)CC1=CC=CS1)OC)C(O)=O
448,[H][C@]12SCC(CSC3=NN=NN3C)=C(N1C(=O)[C@@]2([H])NC(=O)[C@H](NC(=O)C1=C(O)C=C(C)N=C1)C1=CC=C(O)C=C1)C(O)=O
449,[H][C@]12SCC(COC)=C(N1C(=O)[C@H]2NC(=O)C(=N/OC)\C1=CSC(N)=N1)C(O)=O
450,[H][C@]12SCC(C=CC)=C(N1C(=O)[C@@]2([H])NC(=O)[C@H](N)C1=CC=C(O)C=C1)C(O)=O
451,[O-]C(=O)C1=C(CS[C@]2([H])[C@H](NC(=O)C(=N/OC(C)(C)C(O)=O)\C3=CSC(N)=N3)C(=O)N12)C[N+]1=CC=CC=C1
452,CC(C)(C(=O)O)O/N=C(/C1=CSC(=N1)N)\C(=O)N[C@H]2[C@@H]3N(C2=O)C(=C(CS3)C[N+]4=CC=CC=C4)C(=O)[O-].O.O.O.O.O
453,[H][C@]12SCC=C(N1C(=O)[C@H]2NC(=O)C(=N/OC)\C1=CSC(N)=N1)C(O)=O
454,[H][C@@]1(NC(=O)C(=N/O)\C2=NSC(N)=N2)C(=O)N2C(C(O)=O)=C(CS[C@]12[H])\C=C1/CCN(C1=O)[C@]1([H])CCNC1
455,[H][C@]12SCC(CSC3=NC(=O)C(=O)NN3C)=C(N1C(=O)[C@H]2NC(=O)C(=N/OC)\C1=CSC(N)=N1)C(O)=O
456,[H][C@]12SCC(COC(N)=O)=C(N1C(=O)[C@H]2NC(=O)C(=N/OC)\C1=CC=CO1)C(O)=O
457,[H][C@]12SCC(C)=C(N1C(=O)[C@H]2NC(=O)[C@H](N)C1=CC=CC=C1)C(O)=O
458,[H][C@]12SCC(COC(C)=O)=C(N1C(=O)[C@H]2NC(=O)[C@H](N)C1=CC=CC=C1)C(O)=O
459,[H][C@]1(O[C@]1([H])C(=O)CC\C=C\C\C=C\C)C(N)=O
460,C1C(=O)NC2=C(C=C(C=C2)Cl)C(S1)C3=CC=CC=C3Cl
461,C[N+]1=C2C(=C3C=CC(=C(C3=C1)OC)OC)C=CC4=CC5=C(C=C42)OCO5
462,COC(=O)N[C@@H]1[C@H]([C@@H]([C@H](O[C@H]1O[C@@H]2[C@H](O[C@H]([C@@H]([C@H]2O)N)O[C@@H]3[C@H](O[C@H]([C@@H]([C@H]3O)N)O)CO)CO)CO)O[C@H]4[C@@H]([C@H]([C@@H]([C@H](O4)CO)O[C@H]5[C@@H]([C@H]([C@@H]([C@H](O5)CO)O[C@H]6[C@@H]([C@H]([C@@H]([C@H](O6)CO)O[C@H]7[C@@H]([C@H]([C@@H]([C@H](O7)CO)O[C@H]8[C@@H]([C@H]([C@@H]([C@H](O8)CO)O[C@H]9[C@@H]([C@H]([C@@H]([C@H](O9)CO)O)O)N)O)N)O)N)O)N)O)N)O)N)O
463,OC[C@@H](NC(=O)C(Cl)Cl)[C@H](O)C1=CC=C(C=C1)[N+]([O-])=O
464,ClC1=CC=C(NC(=N)NC(=N)NCCCCCCNC(=N)NC(=N)NC2=CC=C(Cl)C=C2)C=C1
465,CC(=O)O.CC(=O)O.C1=CC(=CC=C1NC(=NC(=NCCCCCCN=C(N)N=C(N)NC2=CC=C(C=C2)Cl)N)N)Cl
466,OC1=C(Cl)C=C(Cl)C2=C1N=CC=C2
467,CN(C)CCCN1C2=CC=CC=C2SC2=C1C=C(Cl)C=C2
468,[Cr](=O)(=O)([O-])[O-]
469,OC1=CC(O)=C2C(=O)C=C(OC2=C1)C1=CC=CC=C1
470,CC1=CC2=C(C(=C1)O)C(=O)C3=C(C2=O)C=CC=C3O
471,CC1=CC(=O)N(C(=C1)C2CCCCC2)O.C(CO)N
472,C(C=CC1=CC=CC=C1)=O
473,C(C=CC1=CC=CC=C1)(=O)O
474,C/C=C/C1=CC=CC=C1.COC1=C(C=CC(=C1)CC=C)O
475,CCN1N=C(C(O)=O)C(=O)C2=CC3=C(OCO3)C=C12
476,OC(=O)C1=CN(C2CC2)C2=CC(N3CCNCC3)=C(F)C=C2C1=O
477,CC(C(=O)O)O.C1CC1N2C=C(C(=O)C3=CC(=C(C=C32)N4CCNCC4)F)C(=O)O
478,C(\C=C/CCCCCCCCC)(=O)O
479,CC(C)=CCCC(C)=CC=O
480,CC[C@H](C)[C@@H](C(=O)NCC(=O)NCC(=O)N[C@@H](CC(C)C)C(=O)N)NC(=O)[C@H](C(C)C)NC(=O)[C@H](CO)NC(=O)[C@H](C)NC(=O)[C@H](C(C)C)NC(=O)[C@H](CCCCN)NC(=O)[C@H](CCCCN)NC(=O)[C@H]([C@@H](C)CC)NC(=O)[C@H](C(C)C)NC(=O)[C@H](CC(=O)O)NC(=O)[C@H](CC1=CC=CC=C1)NC(=O)[C@H](CC(C)C)NC(=O)CN
481,[H][C@@]1(C[C@@](C)(OC)[C@@H](O)[C@H](C)O1)O[C@H]1[C@H](C)[C@@H](O[C@]2([H])O[C@H](C)C[C@@H]([C@H]2O)N(C)C)[C@@](C)(C[C@@H](C)C(=O)[C@H](C)[C@@H](O)[C@](C)(O)[C@@H](CC)OC(=O)[C@@H]1C)OC
482,CCC[C@@H]1C[C@H](N(C)C1)C(=O)NC(C(C)Cl)[C@H]1O[C@H](SC)[C@H](O)[C@@H](O)[C@H]1O
483,OC1=C(I)C=C(Cl)C2=C1N=CC=C2
484,CC(C)N=C1C=C2N(C3=CC=C(Cl)C=C3)C3=C(C=CC=C3)N=C2C=C1NC1=CC=C(Cl)C=C1
485,[H][C@@]12C[C@@]3([H])C(=C(O)[C@]1(O)C(=O)C(C(=O)NCO)=C(O)[C@H]2N(C)C)C(=O)C1=C(C(Cl)=CC=C1O)[C@@]3(C)O
486,ClC1=CC=CC=C1C(N1C=CN=C1)(C1=CC=CC=C1)C1=CC=CC=C1
487,[H][C@]12SC(C)(C)[C@@H](N1C(=O)[C@H]2NC(=O)C1=C(C)ON=C1C1=CC=CC=C1Cl)C(O)=O
488,CN1CCN(CC1)C1=NC2=CC(Cl)=CC=C2NC2=CC=CC=C12
489,[Co+2]
490,C[C@@]12CC[C@H](C([C@H]1CCC(=C)[C@H]2COC3=CC4=C(C=C3)C=CC(=O)O4)(C)C)O
491,CCC(C)CCCC(=O)N[C@@H](CCN)C(=O)N[C@@H]([C@@H](C)O)C(=O)N[C@@H](CCN)C(=O)N[C@H]1CCNC(=O)C(NC(=O)[C@@H](CCN)NC(=O)[C@H](CCN)NC(=O)[C@@H](CC(C)C)NC(=O)[C@@H](CC(C)C)NC(=O)[C@H](CCN)NC1=O)[C@@H](C)O
492,CCC(C)CCCCC(=O)NC(CCNCS(=O)(=O)O)C(=O)NC(C(C)O)C(=O)NC(CCNCS(=O)(=O)O)C(=O)NC1CCNC(=O)C(NC(=O)C(NC(=O)C(NC(=O)C(NC(=O)C(NC(=O)C(NC1=O)CCNCS(=O)(=O)O)CC(C)C)CC(C)C)CCNCS(=O)(=O)O)CCNCS(=O)(=O)O)C(C)O
493,O=C1OC2=CC=CC=C2C=C1
494,O1C(=O)C(=CC2=CC=CC=C12)C(=O)O
495,C\C(\C=C\C=C(/C)C(=O)O[C@@H]1O[C@H](CO[C@@H]2O[C@H](CO)[C@@H](O)[C@H](O)[C@H]2O)[C@@H](O)[C@H](O)[C@H]1O)=C/C=C/C=C(\C)/C=C/C=C(\C)C(=O)O[C@@H]1O[C@H](CO[C@@H]2O[C@H](CO)[C@@H](O)[C@H](O)[C@H]2O)[C@@H](O)[C@H](O)[C@H]1O
496,COC1=CC(\C=C\C(=O)CC(=O)\C=C\C2=CC(OC)=C(O)C=C2)=CC=C1O
497,C1=CC(=C(C=C1C2=[O+]C3=CC(=CC(=C3C=C2O)O)O)O)O
498,[H][C@]12SC(C)(C)[C@@H](N1C(=O)[C@H]2NC(=O)C1(N)CCCCC1)C(O)=O
499,C1(CCC1)N
500,N[C@@H]1CONC1=O
501,C1[C@H]([C@@H]([C@@H](C[C@]1(C(=O)O)OC(=O)/C=C/C2=CC(=C(C=C2)O)O)OC(=O)/C=C/C3=CC(=C(C=C3)O)O)O)O
502,N[C@@H](C(=O)O)CCCC(=O)O
503,COC(=O)N[C@@H](C(C)C)C(=O)N1CCC[C@H]1C1=NC=C(N1)C1=CC=C(C=C1)C1=CC=C(C=C1)C1=CN=C(N1)[C@@H]1CCCN1C(=O)[C@@H](NC(=O)OC)C(C)C
504,OC1=CC=C(C=C1)C1=COC2=C(C=CC(O)=C2)C1=O
505,COC[C@@H](NC(C)=O)C(=O)NCC1=CC=CC=C1
506,CCN(CC)CCS(=O)(=O)[C@@H]1CCN2[C@H]1C(=O)O[C@H](C(C)C)[C@H](C)\C=C\C(=O)NC\C=C\C(\C)=C\[C@@H](O)CC(=O)CC1=NC(=CO1)C2=O
507,NC1=CC=C(C=C1)S(=O)(=O)C1=CC=C(N)C=C1
508,CCCCCCCCCC(=O)N[C@@H](CC1=CNC2=C1C=CC=C2)C(=O)N[C@H](CC(N)=O)C(=O)N[C@@H](CC(O)=O)C(=O)N[C@H]1[C@@H](C)OC(=O)[C@H](CC(=O)C2=CC=CC=C2N)NC(=O)[C@@H](NC(=O)[C@@H](CO)NC(=O)CNC(=O)[C@H](CC(O)=O)NC(=O)[C@@H](C)NC(=O)[C@H](CC(O)=O)NC(=O)[C@H](CCCN)NC(=O)CNC1=O)[C@H](C)CC(O)=O
509,[H][C@@]12CCO[C@]1([H])OC[C@@H]2OC(=O)N[C@@H](CC1=CC=CC=C1)[C@H](O)CN(CC(C)C)S(=O)(=O)C1=CC=C(N)C=C1
510,N[C@H](CC(N)=O)C(O)=O
511,N[C@H](CC(=O)[O-])C(=O)[O-]
512,N[C@H](CCCNC(=O)N)C(=O)O
513,C([C@H](C(=O)O)N)SSC[C@H](C(=O)O)N
514,C1CNC(=O)N(C1)CN2CCOCC2
515,C(CCCCCCCCC)(O)O
516,CCCCCCCCCCO[C@H]1[C@@H]([C@H]([C@@H]([C@H](O1)CO)O[C@@H]2[C@@H]([C@H]([C@@H]([C@H](O2)CO)O)O)O)O)O
517,CC(C)NC1=C(N=CC=C1)N1CCN(CC1)C(=O)C1=CC2=C(N1)C=CC(NS(C)(=O)=O)=C2
518,C1=C(C=C(C(=C1O)O)O)C2=[O+]C3=CC(=CC(=C3C=C2O)O)O.[Cl-]
519,[H][C@]12C[C@@]3([H])[C@H](N(C)C)C(O)=C(C(N)=O)C(=O)[C@@]3(O)C(O)=C1C(=O)C1=C([C@H]2O)C(Cl)=CC=C1O
520,CNCCCN1C2=CC=CC=C2CCC2=CC=CC=C12
521,[H][C@@]12CC3=CC=C(O)C=C3[C@@](C)(CCCCC1)[C@H]2N
522,N[C@H](CC1=CNC=N1)C(=O)O
523,CN1C2=C(C=C(Cl)C=C2)C(=NCC1=O)C1=CC=CC=C1
524,C(C1=CC=CC=C1)SSCC1=CC=CC=C1
525,C(C1=CC=CC=C1)SCC1=CC=CC=C1
526,ClCCl
527,C1=CC=C(C=C1)/C=C/C=C/C=C/C2=CC=CC=C2
528,C1=CC=C(C(=C1)CC(=O)[O-])NC2=C(C=CC=C2Cl)Cl.[Na+]
529,[H][C@]12SC(C)(C)[C@@H](N1C(=O)[C@H]2NC(=O)C1=C(C)ON=C1C1=C(Cl)C=CC=C1Cl)C(O)=O
530,C1(CCCCC1)NC1CCCCC1
531,OC[C@@H]1CC[C@@H](O1)N1C=NC2=C1NC=NC2=O
532,OC1=C(OC2=C1C=CC=C2)O
533,C1(=CC=CC=C1)[Se][Se]C1=CC=CC=C1
534,C1(=CC=CC=C1)SSC1=CC=CC=C1
535,C1(=CC=CC=C1)CC1=CC=CC=C1
536,C([C@@H](C(=O)O)N)SCSC[C@@H](C(=O)O)N
537,CCCCCCCCCCCCO[C@H]1[C@@H]([C@H]([C@@H]([C@H](O1)CO)O[C@@H]2[C@@H]([C@H]([C@@H]([C@H](O2)CO)O)O)O)O)O
538,[H][C@]12CN3C=C(C(=O)NCC4=CC=C(F)C=C4F)C(=O)C(O)=C3C(=O)N1[C@H](C)CCO2
539,[H][C@]12[C@@H](C)C(S[C@@H]3CN[C@H](CNS(N)(=O)=O)C3)=C(N1C(=O)[C@]2([H])[C@@H](C)O)C(O)=O
540,[H][C@@]12[C@@H](C)C3=CC=CC(O)=C3C(=O)C1=C(O)[C@]1(O)C(=O)C(C(N)=O)=C(O)[C@@H](N(C)C)[C@]1([H])[C@H]2O
541,N[C@H](CC1=CC=CC=C1)C(O)=O
542,N[C@H](C(C)(C)C)C(=O)O
543,N[C@H](CC1=CNC2=CC=CC=C12)C(O)=O
544,N[C@H](CC1=CC=C(O)C=C1)C(O)=O
545,ClC1=CC=C(COC(CN2C=CN=C2)C2=C(Cl)C=C(Cl)C=C2)C=C1
546,FC(F)(F)[C@]1(OC(=O)NC2=C1C=C(Cl)C=C2)C#CC1CC1
547,CC1=C(C(=C(C2=CC=CC=C2)O)C(=O)C(C1=O)(CC=C(C)C)CC=C(C)C)O
548,CC1=CC(O)=C2C(=O)C3=C(C=C(O)C=C3O)C(=O)C2=C1
549,NC1=NC(=O)N(C=C1F)[C@@H]1CS[C@H](CO)O1
550,CCOC(=O)[C@H](CCC1=CC=CC=C1)N[C@@H](C)C(=O)N1CCC[C@H]1C(O)=O
551,CC[C@H](C)[C@@H](C(=O)N[C@@H](CCC(=O)O)C(=O)N[C@@H](CCC(=O)O)C(=O)N[C@@H](CO)C(=O)N[C@@H](CCC(=O)N)C(=O)N[C@@H](CC(=O)N)C(=O)N[C@@H](CCC(=O)N)C(=O)N[C@@H](CCC(=O)N)C(=O)N[C@@H](CCC(=O)O)C(=O)N[C@@H](CCCCN)C(=O)N[C@@H](CC(=O)N)C(=O)N[C@@H](CCC(=O)O)C(=O)N[C@@H](CCC(=O)N)C(=O)N[C@@H](CCC(=O)O)C(=O)N[C@@H](CC(C)C)C(=O)N[C@@H](CC(C)C)C(=O)N[C@@H](CCC(=O)O)C(=O)N[C@@H](CC(C)C)C(=O)N[C@@H](CC(=O)O)C(=O)N[C@@H](CCCCN)C(=O)N[C@@H](CC1=CNC2=CC=CC=C21)C(=O)N[C@@H](C)C(=O)N[C@@H](CO)C(=O)N[C@@H](CC(C)C)C(=O)N[C@@H](CC3=CNC4=CC=CC=C43)C(=O)N[C@@H](CC(=O)N)C(=O)N[C@@H](CC5=CNC6=CC=CC=C65)C(=O)N[C@@H](CC7=CC=CC=C7)C(=O)NCC(=O)O)NC(=O)[C@H](CC(C)C)NC(=O)[C@H](CO)NC(=O)[C@H](CC8=CN=CN8)NC(=O)[C@H]([C@@H](C)CC)NC(=O)[C@H](CC(C)C)NC(=O)[C@H](CO)NC(=O)[C@H]([C@@H](C)O)NC(=O)[C@H](CC9=CC=C(C=C9)O)NNC(=O)C
552,CCN1C=C(C(O)=O)C(=O)C2=CC(F)=C(N=C12)N1CCNCC1
553,CN[C@@H](C)[C@H](O)C1=CC=CC=C1
554,O[C@@H]1CC2=C(O)C=C(O)C=C2O[C@@H]1C1=CC(O)=C(O)C=C1
555,C1[C@H]([C@H](OC2=CC(=CC(=C21)O)O)C3=CC(=C(C=C3)O)O)OC(=O)C4=CC(=C(C(=C4)O)O)O
556,C1[C@@H]([C@@H](OC2=CC(=CC(=C21)O)O)C3=CC(=C(C=C3)O)O)OC(=O)C4=CC(=C(C(=C4)O)O)O
557,O[C@@H]1CC2=C(O[C@@H]1C1=CC(O)=C(O)C(O)=C1)C=C(O)C=C2O
558,C(CCN)CC(C(=O)O)N
559,C1=CC(=CC=C1/C=C/C2=C3[C@H]([C@@H](OC3=CC(=C2)O)C4=CC=C(C=C4)O)C5=CC(=CC(=C5)O)O)O
560,[H][C@]12[C@@H](C)C(S[C@]3([H])CN[C@@]([H])(C3)C(=O)NC3=CC=CC(=C3)C(O)=O)=C(N1C(=O)[C@]2([H])[C@@H](C)O)C(O)=O
561,C([C@H](O)[C@H](O)CO)O
562,CC[C@H]1OC(=O)[C@H](C)[C@@H](O[C@H]2C[C@@](C)(OC)[C@@H](O)[C@H](C)O2)[C@H](C)[C@@H](O[C@@H]2O[C@H](C)C[C@@H]([C@H]2O)N(C)C)[C@](C)(O)C[C@@H](C)C(=O)[C@H](C)[C@@H](O)[C@]1(C)O
563,C[C@@H]1[C@H]([C@@H]([C@H]([C@@H](O1)O[C@@H]2[C@H](O[C@H](C[C@@H]2OC)O[C@@H]3[C@H](O[C@H](C[C@H]3OC)O[C@H]4CC[C@@]5(C6[C@@H]([C@H]([C@@]7([C@@](CC[C@@]7([C@@]6(CC=C5C4)O)O)(C(=O)C)O)C)O)O)C)C)C)O)OC)O
564,C1=CC(=O)OC2=CC(=C(C=C21)O)O
565,OC[C@H]1O[C@@H](OC2=C(O)C=C3OC(=O)C=CC3=C2)[C@H](O)[C@@H](O)[C@@H]1O
566,C1=CC(=O)OC2=CC(=C(C=C21)O[C@H]3[C@@H]([C@H]([C@@H]([C@H](O3)CO)O)O)O)O.O
567,COC1=CC2=C(NC(=N2)[S@@](=O)CC2=NC=C(C)C(OC)=C2C)C=C1
568,CC[C@@H](CO)NCCN[C@@H](CC)CO
569,C(CN)N
570,C(C)(=O)OCC
571,C(C1=CC(O)=C(O)C(O)=C1)(=O)OCC
572,C(C)(=O)O.C(C)(=O)O.C(C)(=O)O.C(C)(=O)O.C(CO)O
573,CC(C)C[C@@H](C1=C(C(=C(C(=C1O)C=O)O)C=O)O)[C@]2(CC[C@@H]3[C@@H]2[C@H]4[C@H](C4(C)C)CC[C@@]3(C)OC)C
574,COC1=C(O)C=CC(CC=C)=C1
575,CN1[C@@H]2C3=C(CCN2C(=O)C4=CC=CC=C41)C5=CC=CC=C5N3
576,CC(C)=CCC\C(C)=C/CC\C(C)=C/CO
577,C1=CC(=CC=C1CC(C(=O)O)N)Cl
578,[Fe](Cl)(Cl)Cl
579,[Fe+2]
580,C[C@@H]1C[C@@H]([C@@H]2[C@H](C[C@H]([C@@](O2)(C(=O)C(=O)N3CCCC[C@H]3C(=O)O[C@@H]([C@@H]([C@H](CC(=O)[C@@H](/C=C(/C1)\C)CC=C)O)C)/C(=C/[C@@H]4CC[C@H]([C@@H](C4)OC)O)/C)O)C)OC)OC
581,O=C1C=C(OC2=CC=CC=C12)C1=CC=CC=C1
582,CN1CCN(CC1)C1=C(F)C=C2C(=O)C(=CN(CCF)C2=C1F)C(O)=O
583,[H][C@]12SC(C)(C)[C@@H](N1C(=O)[C@H]2NC(=O)C1=C(C)ON=C1C1=C(Cl)C=CC=C1F)C(O)=O
584,OC(CN1C=NC=N1)(CN1C=NC=N1)C1=C(F)C=C(F)C=C1
585,CN1CCN(CC1)C2=NC3=C(CC4=CC=CC=C42)C=CC(=C3)F
586,CC(C)CN(C[C@@H](OP(O)(O)=O)[C@H](CC1=CC=CC=C1)NC(=O)O[C@H]1CCOC1)S(=O)(=O)C1=CC=C(N)C=C1
587,C[C@@H]1O[C@@H]1P(O)(O)=O
588,NC[C@@H]1O[C@H](O[C@@H]2[C@@H](CO)O[C@@H](O[C@@H]3[C@@H](O)[C@H](N)C[C@H](N)[C@H]3O[C@H]3O[C@H](CN)[C@@H](O)[C@H](O)[C@H]3N)[C@@H]2O)[C@H](N)[C@@H](O)[C@@H]1O
589,COC1=C(C(=C2C(=C1)C=CC(=O)O2)O[C@H]3[C@@H]([C@H]([C@@H]([C@H](O3)CO)O)O)O)O
590,C1CC2=C(C=CC(=C2)NC3=CC(=C(C=C3)F)NC(=O)C4=CC=CC=C4)C(=O)C5=C1C=CC(=C5)OC[C@@H](CO)O
591,O1C(CC=C1)=O
592,C1=C(/C(=C/Br)/OC1=O)Br
593,C1=C(OC(=C1)Br)/C=C(/[N+](=O)[O-])\Br
594,CC1=CC(=CC(=C1F)C)CN2C3=CC(=CC(=C3N=C2N4CCNCC4)C5=CC=CC=C5Cl)Cl
595,CC[C@@]1(C=C2C(=O)C(C(=O)C([C@@]2(OO1)O)(C)C)(C)C)C
596,C(C1=CC(O)=C(O)C(O)=C1)(=O)O
597,[Ga+3]
598,C1[C@@H]([C@H](OC2=CC(=CC(=C21)O)O)C3=CC(=C(C(=C3)O)O)O)O
599,C1[C@@H]([C@H](OC2=CC(=CC(=C21)O)O)C3=CC(=C(C(=C3)O)O)O)OC(=O)C4=CC(=C(C(=C4)O)O)O
600,NC1=NC2=C(N=CN2COC(CO)CO)C(=O)N1
601,C=CCSS(=O)CC=C
602,COC1=C2N(C=C(C(O)=O)C(=O)C2=CC(F)=C1N1CCNC(C)C1)C1CC1
603,CO\N=C1/CN(CC1CN)C1=NC2=C(C=C1F)C(=O)C(=CN2C1CC1)C(O)=O
604,OC1=CC=C(C=C1)C1=COC2=C(C(O)=CC(O)=C2)C1=O
605,CNC(C)C1CCC(N)C(OC2C(N)CC(N)C(OC3OCC(C)(O)C(NC)C3O)C2O)O1
606,CC1=NC=C(N=C1)C(=O)NCCC1=CC=C(C=C1)S(=O)(=O)NC(=O)NC1CCCCC1
607,Cl.NCC(=O)N
608,COC1=C(C=C(C=C1)C2=C(C(=O)C3=C(O2)C(=C(C=C3OC)OC)OC)OC)OC
609,CC1CN(CCN1)C1=C(F)C(C)=C2C(=O)C(=CN(C3CC3)C2=C1)C(O)=O
610,COC1=C(O)C=CC=C1
611,C1=CC2=C(C=C1I)/C(=C/C3=CC(=C(C(=C3)Br)O)Br)/C(=O)N2
612,C1=CC=C(C=C1)NC(=O)C2=C(C=CC(=C2)[N+](=O)[O-])Cl
613,CCOC(=O)C1=C(OC2=C(C1C(C#N)C(=O)OCC)C=C(C=C2)Br)N
614,C1=C(C=C(C(=C1O)O)O)C(=O)OC[C@H]2[C@@H]([C@](C(O2)O)(COC(=O)C3=CC(=C(C(=C3)O)O)O)O)O
615,C(CCCCCCCCCCCCCCCC)(=O)O
616,COC=1C(=C(C=2OC3=C(C(=C(C(=C3C(C2OC)=O)OC)OC)OC)OC)C=CC1)OC
617,COC1=C(O)C=C(C=C1)[C@@H]1CC(=O)C2=C(O)C=C(O)C=C2O1
618,COC1=CC=C(C=C1O)[C@@H]1CC(=O)C2=C(O1)C=C(O[C@@H]1O[C@H](CO[C@@H]3O[C@@H](C)[C@H](O)[C@@H](O)[C@H]3O)[C@@H](O)[C@H](O)[C@H]1O)C=C2O
619,[H][C@]12SC(C)(C)[C@@H](N1C(=O)[C@H]2N1C(=O)[C@H](NC1(C)C)C1=CC=CC=C1)C(O)=O
620,OC1=C(CC2=C(O)C(Cl)=CC(Cl)=C2Cl)C(Cl)=C(Cl)C=C1Cl
621,C(C1=CC(O)=C(O)C(O)=C1)(=O)OCCCCCC
622,CC(C)C1=CC(=O)C(=CC=C1)O
623,C[C@@H](C(=O)N[C@@H](CCCCN)C(=O)N[C@@H](CCCNC(=N)N)C(=O)N[C@@H](CC1=CN=CN1)C(=O)N[C@@H](CC2=CN=CN2)C(=O)NCC(=O)N[C@@H](CC3=CC=C(C=C3)O)C(=O)N[C@@H](CCCCN)C(=O)N[C@@H](CCCNC(=N)N)C(=O)N[C@@H](CCCCN)C(=O)N[C@@H](CC4=CC=CC=C4)C(=O)N[C@@H](CC5=CN=CN5)C(=O)N[C@@H](CCC(=O)O)C(=O)N[C@@H](CCCCN)C(=O)N[C@@H](CC6=CN=CN6)C(=O)N[C@@H](CC7=CN=CN7)C(=O)N[C@@H](CO)C(=O)N[C@@H](CC8=CN=CN8)C(=O)N[C@@H](CCCNC(=N)N)C(=O)NCC(=O)N[C@@H](CC9=CC=C(C=C9)O)C(=O)O)NC(=O)[C@H](CC1=CN=CN1)NC(=O)[C@H](CO)NC(=O)[C@H](CC(=O)O)N
624,COC1=C(C=CC(=C1)[C@@H]2[C@H](OC3=C(O2)C=C(C=C3)C4=CC(=O)C5=C(C=C(C=C5O4)O)O)CO)O
625,OO
626,CC1=C2C3=C(C)C=C(O)C4=C3C3=C5C2=C(C(O)=C1)C(=O)C1=C5C(=C(O)C=C1O)C1=C(O)C=C(O)C(C4=O)=C31
627,C1=CC(=C(C=C1C2=C(C(=O)C3=C(C=C(C=C3O2)O)O)O[C@H]4[C@@H]([C@H]([C@H]([C@H](O4)CO)O)O)O)O)O
628,CC(C)CC1=CC=C(C=C1)C(C)C(O)=O
629,OC[C@H]1O[C@H](C[C@@H]1O)N1C=C(I)C(=O)NC1=O
630,C=CCOC(CN1C=CN=C1)C2=C(C=C(C=C2)Cl)Cl
631,[H][C@]12CC(SCC\N=C\N)=C(N1C(=O)[C@]2([H])[C@@H](C)O)C(O)=O
632,CC(=CCOC1=C2C(=CC3=C1OC=C3)C=CC(=O)O2)C
633,CC(C)(C)NC(=O)[C@@H]1CN(CC2=CN=CC=C2)CCN1C[C@@H](O)C[C@@H](CC1=CC=CC=C1)C(=O)N[C@@H]1[C@H](O)CC2=CC=CC=C12
634,O=C1NC2=C(C=CC=C2)\C1=C1/NC2=C(C=CC=C2)C1=O
635,N1C=CC2=CC=CC=C12
636,N1C=C(C2=CC=CC=C12)CC=O
637,N1C=C(C2=CC=CC=C12)CC(=O)N
638,N1C=C(C2=CC=CC=C12)CC(=O)O
639,C1=CC=C2C(=C1)C(=CN2)C=O
640,N1C=CC2=CC=CC(=C12)C(=O)O
641,CC[C@H](C)[C@@H](C(=O)N[C@@H](CC(C)C)C(=O)N1CCC[C@H]1C(=O)N[C@@H](CC2=CNC3=CC=CC=C32)C(=O)N[C@@H](CCCCN)C(=O)N[C@@H](CC4=CNC5=CC=CC=C54)C(=O)N6CCC[C@H]6C(=O)N[C@@H](CC7=CNC8=CC=CC=C87)C(=O)N[C@@H](CC9=CNC1=CC=CC=C19)C(=O)N1CCC[C@H]1C(=O)N[C@@H](CC1=CNC2=CC=CC=C21)C(=O)N[C@@H](CCCNC(=N)N)C(=O)N[C@@H](CCCNC(=N)N)C(=O)N)N
642,CCC1=C2CN3C(=CC4=C(COC(=O)[C@]4(O)CC)C3=O)C2=NC2=CC=C(OC(=O)N3CCC(CC3)N3CCCCC3)C=C12
643,O=C1NC2=CC=CC=C2C1=O
644,C(C(C)C)O
645,ClC1=CC(Cl)=C(C=C1)C(CN1C=CN=C1)OCC1=C(Cl)C=CC=C1Cl
646,C=1(C(O)=CC=C(C=CC)C1)OC
647,COC1=C(C=CC(=C1)C2C(C3=C(O2)C(=CC(=C3)C4=CC(=O)C5=C(C=C(C=C5O4)O)O)O)CO)O
648,OC1=CC=C(\C=C\C(=O)C2=C(O)C=C(O)C=C2)C=C1
649,NNC(=O)C1=CC=NC=C1
650,C1CC2=CC(=C(C=C2)C3=C(CCC4=CC(=C(C=C4)O)OC5=CC=C1C=C5)C=CC=C3O)O
651,COC1=C(C=CC(=C1)[C@@H]2[C@H](OC3=C(O2)C=CC(=C3)[C@@H]4[C@H](C(=O)C5=C(C=C(C=C5O4)O)O)O)CO)O
652,COC1=C(C=C(C=C1)C2=CC(=O)C3=C(O2)C(=C(C=C3OC)OC)OC)OC
653,[N-]=C=S
654,CCC(C)N1N=CN(C1=O)C1=CC=C(C=C1)N1CCN(CC1)C1=CC=C(OC[C@H]2CO[C@@](CN3C=NC=N3)(O2)C2=CC=C(Cl)C=C2Cl)C=C1
655,C[C@]12C[C@H](CC(=C)[C@@H]1C[C@H]3[C@@H](C2)OC(=O)C3=C)O
656,CO[C@H]1[C@@H](CC(=O)O[C@H](C)C\C=C\C=C\[C@H](O)[C@H](C)C[C@H](CC=O)[C@@H]1O[C@@H]1O[C@H](C)[C@@H](O[C@H]2C[C@@](C)(O)[C@@H](OC(=O)CC(C)C)[C@H](C)O2)[C@@H]([C@H]1O)N(C)C)OC(C)=O
657,OC1=CC=C(C=C1)C1=C(O)C(=O)C2=C(O1)C=C(O)C=C2O
658,NC[C@H]1O[C@H](O[C@@H]2[C@@H](N)C[C@@H](N)[C@H](O[C@H]3O[C@H](CO)[C@@H](O)[C@H](N)[C@H]3O)[C@H]2O)[C@H](O)[C@@H](O)[C@@H]1O
659,C[C@@]12CCC[C@@]([C@H]1CC[C@]34[C@H]2CC[C@H](C3)C(=C)C4)(C)C(=O)O
660,CC(=O)N1CCN(CC1)C1=CC=C(OCC2COC(CN3C=CN=C3)(O2)C2=CC=C(Cl)C=C2Cl)C=C1
661,C/C/1=C\CC[C@@]2([C@H](O2)CC/C(=C/C[C@H](CC1)C(=C)C)/C)C
662,OCC1=CC(=O)C(O)=CO1
663,CC(C)[C@@H](C(=O)N[C@@H](C(C)C)C(=O)N[C@@H](CC1=CC=CC=C1)C(=O)N[C@@H](CC2=CNC3=CC=CC=C32)C(=O)N[C@@H](C(C)C)C(=O)N[C@@H](CCCCN)C(=O)N[C@@H](CC4=CC=CC=C4)C(=O)N[C@@H](CCCCN)C(=O)N)NC(=O)[C@H](CCCCN)NC(=O)[C@H](CCCCN)N
664,C1[C@@H]2[C@H]([C@H]([C@@H](O2)N3C=NC4=C3N=C(NC4=O)N)OP(=O)(OC[C@@H]5[C@H]([C@H]([C@@H](O5)N6C=CC7=C(N=CN=C76)N)O)OP(=O)(O1)O)O)O
665,C(N)(=O)C1=CC=C(C[C@H](N)C(=O)O)C=C1
666,CC[C@H](C)[C@@H](COC(CC1=CC=CC=C1)C(=O)N[C@@H](CCS(=O)(=O)C)C(=O)OC(C)C)NC[C@H](CS)N
667,CC[C@H](C)[C@@H](C(=O)N[C@@H]([C@@H](C)O)C(=O)N[C@@H](CS)C(=O)N[C@@H](C(C)C)C(=O)N[C@@H](CCCNC(=N)N)C(=O)N[C@@H](CCCNC(=N)N)C(=O)N[C@@H](C)C(=O)N[C@@H](CC1=CC=CC=C1)C(=O)O)NC(=O)[C@H](CO)NC(=O)[C@@H]2CCCN2C(=O)[C@H](C)NC(=O)CNC(=O)[C@H](CC(C)C)NC(=O)[C@H](CCCCN)NC(=O)[C@H](CCCCN)NC(=O)[C@H](CCSC)NC(=O)[C@H](CCCNC(=N)N)NC(=O)[C@H](CC3=CNC4=CC=CC=C43)NC(=O)[C@H](CCC(=O)N)NC(=O)[C@H](CC5=CNC6=CC=CC=C65)NC(=O)[C@H](CCCNC(=N)N)NC(=O)[C@H](CCCNC(=N)N)NC(=O)[C@H](CS)NC(=O)[C@H](CCCCN)NC(=O)[C@H](CC7=CC=CC=C7)N
668,NC1=NC(=O)N(C=C1)[C@@H]1CS[C@H](CO)O1
669,[Cl-].[La+3].[Cl-].[Cl-]
670,N[C@@H](CC(=O)[O-])C(=O)[O-]
671,[H][C@]12OCC(CSC3=NN=NN3C)=C(N1C(=O)[C@]2(NC(=O)C(C(O)=O)C1=CC=C(O)C=C1)OC)C(O)=O
672,N[C@@H](CCONC(=N)N)C(=O)O
673,N[C@@H](CS(=O)(O)=O)C(=O)O
674,CC1=CC(=C(C=C1)NC(=O)C(C(=O)C)N=NC2=C(C=C(C(=C2)Cl)C3=CC(=C(C=C3Cl)N=NC(C(=O)C)C(=O)NC4=C(C=C(C=C4)C)C)Cl)Cl)C
675,CC1=CCC(CC1)C(=C)C
676,C[C@H]1COC2=C3N1C=C(C(O)=O)C(=O)C3=CC(F)=C2N1CCN(C)CC1
677,C=CC(O)(C)CCC=C(C)C
678,CC(=O)NC[C@H]1CN(C(=O)O1)C1=CC(F)=C(C=C1)N1CCOCC1
679,OC(=O)CCCC[C@@H]1CCSS1
680,CC1CCC(C(C1)O)C(C)C.CC1=CC(=C(C=C1)C(C)C)O.CC1(C2CCC(O1)(CC2)C)C
681,CC[C@H](C)[C@@H](C(=O)NCC(=O)N[C@@H](CCCCN)C(=O)N[C@@H](CCC(=O)O)C(=O)N[C@@H](CC1=CC=CC=C1)C(=O)N[C@@H](CCCCN)C(=O)N[C@@H](CCCNC(=N)N)C(=O)N[C@@H]([C@@H](C)CC)C(=O)N[C@@H](C(C)C)C(=O)N[C@@H](CCC(=O)N)C(=O)N[C@@H](CCCNC(=N)N)C(=O)N[C@@H]([C@@H](C)CC)C(=O)N[C@@H](CCCCN)C(=O)N[C@@H](CC(=O)O)C(=O)N[C@@H](CC2=CC=CC=C2)C(=O)N[C@@H](CC(C)C)C(=O)N[C@@H](CCCNC(=N)N)C(=O)N[C@@H](CC(=O)N)C(=O)N[C@@H](CC(C)C)C(=O)N[C@@H](C(C)C)C(=O)N3CCC[C@H]3C(=O)N[C@@H](CCCNC(=N)N)C(=O)N[C@@H]([C@@H](C)O)C(=O)N[C@@H](CCC(=O)O)C(=O)N[C@@H](CO)C(=O)O)NC(=O)[C@H](CCCCN)NC(=O)[C@H](CCC(=O)O)NC(=O)[C@H](CCCCN)NC(=O)[C@H](CO)NC(=O)[C@H](CCCCN)NC(=O)[C@H](CCCNC(=N)N)NC(=O)[C@H](CC4=CC=CC=C4)NC(=O)[C@H](CC5=CC=CC=C5)NC(=O)[C@H](CC(=O)O)NC(=O)CNC(=O)[C@H](CC(C)C)NC(=O)[C@H](CC(C)C)N
682,CCN1C=C(C(O)=O)C(=O)C2=CC(F)=C(N3CCNC(C)C3)C(F)=C12
683,CC(C)[C@H](N1CCCNC1=O)C(=O)N[C@H](C[C@H](O)[C@H](CC1=CC=CC=C1)NC(=O)COC1=C(C)C=CC=C1C)CC1=CC=CC=C1
684,OC1N=C(C2=CC=CC=C2Cl)C2=C(NC1=O)C=CC(Cl)=C2
685,N[C@H](CCCCN)C(=O)O.N[C@@H](CC1=CC=CC=C1)C(=O)O
686,N[C@@H](CCCCN)C(=O)O.N[C@@H](CC1=CC=CC=C1)C(=O)O
687,N1[C@@H](CCCC1)C(=O)O
688,OC1=CC(O)=C2C(=O)C=C(OC2=C1)C1=CC=C(O)C(O)=C1
689,[H][C@@]12C[C@@]3([H])C(C(=O)C4=C(O)C=CC=C4[C@@]3(C)O)=C(O)[C@]1(O)C(=O)C(C(=O)NCNCCCC[C@H](N)C(O)=O)=C(O)[C@H]2N(C)C
690,COC1=CC(=C2C(=C1)OC(=C)C(=O)N2)C(=O)OC
691,CC[C@H](C)[C@@H](C(=O)NCC(=O)N[C@@H](CCCCN)C(=O)N[C@@H](CC1=CC=CC=C1)C(=O)N[C@@H](CC(C)C)C(=O)N[C@@H](CC2=CN=CN2)C(=O)N[C@@H](CO)C(=O)N[C@@H](C)C(=O)N[C@@H](CCCCN)C(=O)N[C@@H](CCCCN)C(=O)N[C@@H](CC3=CC=CC=C3)C(=O)NCC(=O)N[C@@H](CCCCN)C(=O)N[C@@H](C)C(=O)N[C@@H](CC4=CC=CC=C4)C(=O)N[C@@H](C(C)C)C(=O)NCC(=O)N[C@@H](CCC(=O)O)C(=O)N[C@@H]([C@@H](C)CC)C(=O)N[C@@H](CCSC)C(=O)N[C@@H](CC(=O)N)C(=O)N[C@@H](CO)C(=O)O)NC(=O)CN
692,C1=CC(=C(C(=C1)O)C(=O)CCCCCCCCC2=CC(=C(C=C2)O)O)O
693,OC(C1CCCCN1)C1=CC(=NC2=C1C=CC=C2C(F)(F)F)C(F)(F)F
694,CC[C@H](C)[C@@H](C(=O)NCC(=O)N[C@@H](C)C(=O)N[C@@H](C(C)C)C(=O)N[C@@H](CC(C)C)C(=O)N[C@@H](CCCCN)C(=O)N[C@@H](C(C)C)C(=O)N[C@@H](CC(C)C)C(=O)N[C@@H]([C@@H](C)O)C(=O)N[C@@H]([C@@H](C)O)C(=O)NCC(=O)N[C@@H](CC(C)C)C(=O)N1CCC[C@H]1C(=O)N[C@@H](C)C(=O)N[C@@H](CC(C)C)C(=O)N[C@@H]([C@@H](C)CC)C(=O)N[C@@H](CO)C(=O)N[C@@H](CC2=CNC3=CC=CC=C32)C(=O)N[C@@H]([C@@H](C)CC)C(=O)N[C@@H](CCCCN)C(=O)N[C@@H](CCCNC(=N)N)C(=O)N[C@@H](CCCCN)C(=O)N[C@@H](CCCNC(=N)N)C(=O)N[C@@H](CCC(=O)N)C(=O)N[C@@H](CCC(=O)N)C(=O)N)NC(=O)CN
695,COC1=C(C=CC(NC(=O)NC2=CC=CC(CNC(=O)O[C@H]3CCOC3)=C2)=C1)C1=CN=CO1
696,[H][C@]1([C@@H](C)O)C(=O)N2C(C(O)=O)=C(S[C@@H]3CN[C@@H](C3)C(=O)N(C)C)[C@H](C)[C@]12[H]
697,NC1=CC(=CC=C1)C
698,CS(=O)(=O)C1=CC=CC=C1
699,CO
700,CC1=C(C=CC(=C1)C(C)(C)CC(C)(C)C)OCCOCC[N+](C)(C)CC2=CC=CC=C2.[Cl-]
701,CC1=C(C(=CC(=C1)CC=C)OC)O
702,C(C1=CC(O)=C(O)C(O)=C1)(=O)OC
703,N1C=CC2=CC=CC(=C12)C(=O)OC
704,CSCCCN
705,[H][C@]12SC(C)(C)[C@@H](N1C(=O)[C@H]2NC(=O)C1=C(OC)C=CC=C1OC)C(O)=O
706,CC1=NC=C(N1CCO)[N+]([O-])=O
707,[H][C@]12SC(C)(C)[C@@H](N1C(=O)[C@H]2NC(=O)[C@H](NC(=O)N1CCN(C1=O)S(C)(=O)=O)C1=CC=CC=C1)C(O)=O
708,CCCCCOC1=CC=C(C=C1)C1=CC(=NO1)C1=CC=C(C=C1)C(=O)N[C@H]1C[C@@H](O)[C@@H](O)NC(=O)[C@@H]2[C@@H](O)[C@@H](C)CN2C(=O)[C@@H](NC(=O)[C@@H](NC(=O)[C@@H]2C[C@@H](O)CN2C(=O)[C@@H](NC1=O)[C@@H](C)O)[C@H](O)[C@@H](O)C1=CC(OS(O)(=O)=O)=C(O)C=C1)[C@H](O)CC(N)=O
709,ClC1=CC(Cl)=C(COC(CN2C=CN=C2)C2=C(Cl)C=C(Cl)C=C2)C=C1
710,CC1=NC=C2CN=C(C3=CC=CC=C3F)C3=C(C=CC(Cl)=C3)N12
711,[H][C@@]12CC3=C(C(O)=CC=C3N(C)C)C(=O)C1=C(O)[C@]1(O)C(=O)C(C(N)=O)=C(O)[C@@H](N(C)C)[C@]1([H])C2
712,CC[C@]1(CC[C@@H](O1)[C@@]2(CC[C@@]3(O2)C[C@@H]([C@H]([C@H](O3)[C@@H](C)[C@H]([C@H](C)C(=O)[O-])OC)C)O)C)[C@H]4[C@H](C[C@@H](O4)[C@@H]5[C@H](C[C@H]([C@@](O5)(CO)O)C)C)C.[Na+]
713,[H][C@]12CN(C[C@@]1([H])NCCC2)C1=C(F)C=C2C(=O)C(=CN(C3CC3)C2=C1OC)C(O)=O
714,C(/C(/Br)=C(/Br)\C=O)(=O)O
715,C(/C(/Cl)=C(/Cl)\C=O)(=O)O
716,C=CCN=C=S
717,OC1=CC(O)=C2C(OC(=C(O)C2=O)C2=CC(O)=C(O)C(O)=C2)=C1
718,C[C@H]1[C@@H]([C@H]([C@H]([C@@H](O1)OC2=C(OC3=CC(=CC(=C3C2=O)O)O)C4=CC(=C(C(=C4)O)O)O)O)O)O
719,CCCCCCCCCCCCCC(O)=O
720,S1C(=CC=C1)C(=O)N(N)C(=O)C1=NN(C(=C1Br)C)C
721,O[C@@H]1O[C@@H]([C@H]([C@H]([C@H]1NC(CCC)=O)O)O)CO
722,O[C@@H]1O[C@@H]([C@H]([C@H]([C@H]1NC(CCCCCCCCCCC)=O)O)O)CO
723,O[C@@H]1O[C@@H]([C@H]([C@H]([C@H]1NC(CCCCC)=O)O)O)CO
724,O[C@@H]1O[C@@H]([C@H]([C@H]([C@H]1NC(CCCCCCC)=O)O)O)CO
725,S1C(=NC2=C1C=CC=C2)NC(CCC)=O
726,S1C(=NC=C1)NC(CCC)=O
727,O=C1SCCC1NC(CCC)=O
728,N1=C(C=CC=C1)NC(CCC)=O
729,N1=C(N=CC=C1)NC(CCC)=O
730,S1C(=NCC1)NC(CCC)=O
731,OC1=CC(=C(C=C1)NC(CC(CCCCCCCCC)=O)=O)C
732,OC1=CC=C(C=C1)NC(CCC)=O
733,N1(CCOCC1)NC(CCC)=O
734,N1=CC=C(C=C1)NC(CCC)=O
735,CC1=CC(=NO1)NC(CCC)=O
736,C(C)(C)(C)C=1C=C(CN(N1)C)N(N)C(=O)C=1SC(=CC1)Cl
737,N1CC(CC1)NC(CCCCCCCCCCC)=O
738,NC1=C2N=CN(C2=NC=N1)C1C(C(C(O1)CO)NC(CCC1=CC=C(C=C1)OC)=O)O
739,ClC1=CC=C2C(=CC=NC2=C1)NCCCCCCCCCCCCN
740,ClC1=CC=C2C(=CC=NC2=C1)NCCN
741,ClC1=CC=C2C(=CC=NC2=C1)NCCCCCCCCN
742,FC(C1=CC=C2C(=CC=NC2=C1)NCCCCCCCCCCCCN)(F)F
743,FC(C1=CC=C2C(=CC=NC2=C1)NCCN)(F)F
744,FC(C1=CC=C2C(=CC=NC2=C1)NCCCCCCCCN)(F)F
745,[H][C@]12SC(C)(C)[C@@H](N1C(=O)[C@H]2NC(=O)C1=C(OCC)C=CC2=CC=CC=C12)C(O)=O
746,[H][C@]1(CC(=O)C2=C(O1)C=C(O)C=C2O)C1=CC=C(O)C=C1
747,C[C@H]1[C@@H]([C@H]([C@H]([C@@H](O1)O[C@@H]2[C@H]([C@@H]([C@H](O[C@H]2OC3=CC(=C4C(=O)C[C@H](OC4=C3)C5=CC=C(C=C5)O)O)CO)O)O)O)O)O
748,C(CCCCCCCCC)(=O)[N-]C1CCCC1
749,C(C1=CC=CC=C1)OC([C@@H](NC(CCCCCCCCC)=O)CCO)=O
750,[H][C@@]12CCCC[C@]1([H])CN(C[C@@H](O)[C@H](CSC1=CC=CC=C1)NC(=O)C1=C(C)C(O)=CC=C1)[C@@H](C2)C(=O)NC(C)(C)C
751,C[C@H]1[C@@H]([C@H]([C@H]([C@@H](O1)O[C@@H]2[C@H]([C@@H]([C@H](O[C@H]2OC3=CC(=C4C(=O)C[C@H](OC4=C3)C5=CC(=C(C=C5)O)O)O)CO)O)O)O)O)O
752,C[C@H]1[C@@H]([C@H]([C@H]([C@@H](O1)O[C@@H]2[C@H]([C@@H]([C@H](O[C@H]2OC3=CC(=C4C(=O)C[C@H](OC4=C3)C5=CC(=C(C=C5)OC)O)O)CO)O)O)O)O)O
753,CN1C=NC(=C1SC1=NC=NC2=C1NC=N2)[N+]([O-])=O
754,OC(C)(C=C)CCC=C(C)CCC=C(C)C
755,C(C)N(C1=CC=CC=C1)C(C)=O
756,CCN[C@@H]1C[C@H](N)[C@@H](O[C@H]2OC(CN)=CC[C@H]2N)[C@H](O)[C@H]1O[C@H]1OC[C@](C)(O)[C@H](NC)[C@H]1O
757,CC1=C2NC(=O)C3=C(N=CC=C3)N(C3CC3)C2=NC=C1
758,CCCCCC
759,OC1=C(C=C(Cl)C=C1)C(=O)NC1=C(Cl)C=C(C=C1)[N+]([O-])=O
760,CC(=O)OC1=CC=CC=C1C(=O)NC1=NC=C(S1)[N+]([O-])=O
761,NC(=O)N\N=C\C1=CC=C(O1)[N+]([O-])=O
762,[O-][N+](=O)C1=CC=C(O1)\C=N\N1CC(=O)NC1=O
763,CN[C@H](C(C)C)C(=O)O
764,C(CCCCCCCC)(=O)[N-]C1CCCC1
765,COC1=C(C=C(C=C1)C2=CC(=O)C3=C(O2)C(=C(C(=C3OC)OC)OC)OC)OC
766,CC(C)([C@H]1CC2=C(O1)C=C3C(=C2)C=CC(=O)O3)O
767,CCN1C=C(C(O)=O)C(=O)C2=CC(F)=C(C=C12)N1CCNCC1
768,[H][C@@]12CC[C@@](OC(C)=O)(C#C)[C@@]1(CC)CC[C@]1([H])[C@@]3([H])CC\C(C=C3CC[C@@]21[H])=N/O
769,C[C@@H]1CC[C@@H]2[C@]1(CC3=C(C2=O)C=CO3)C
770,C(CN)CNCCCN
771,CO[C@@H]1[C@@H](OC(N)=O)[C@@H](O)[C@H](OC2=C(C)C3=C(C=C2)C(O)=C(NC(=O)C2=CC=C(O)C(CC=C(C)C)=C2)C(=O)O3)OC1(C)C
772,CC[C@H](C)[C@@H](C(=O)N[C@@H](CCCCN)C(=O)C)NC(=O)[C@H](C)NC(=O)[C@H](C)NC(=O)[C@H](CCC(=O)N)NC(=O)CNC(=O)[C@H](CC(C)C)NC(=O)[C@H](CC1=CN=CN1)NC(=O)[C@H](CCCCN)NC(=O)[C@H](C)NC(=O)CNC(=O)[C@H](CCCCN)NC(=O)[C@H](CCCNC(=N)N)NC(=O)[C@H](CC(C)C)NC(=O)[C@H](CC2=CNC3=CC=CC=C32)NC(=O)[C@H](CCCCN)NC(=O)[C@H](CCCCN)NC(=O)[C@H](CC4=CNC5=CC=CC=C54)NC(=O)CN
773,C[C@H]1O[C@H](OC2CC3O[C@@](O)(CC(O)C3C(O)=O)CC(O)C(O)CCC(O)CC(O)CC(O)CC(=O)O[C@@H](C)[C@H](C)[C@H](O)[C@@H](C)\C=C\C=C\CC\C=C\C=C\C=C\C=C\2)[C@@H](O)[C@@H](N)[C@@H]1O
774,ClC1=C(COC2=CC=C(C[C@@H](N)C(=O)O)C=C2)C(=CC=C1)Cl
775,C(C1=CC(O)=C(O)C(O)=C1)(=O)OCCCCCCCCCCCCCCCCCC
776,C(CCCCCCCN)N
777,C(C1=CC(O)=C(O)C(O)=C1)(=O)OCCCCCCCC
778,CC1COC2=C3N1C=C(C(O)=O)C(=O)C3=CC(F)=C2N1CCN(C)CC1
779,C[C@]12CC[C@@H](C([C@@H]1CC[C@@]3([C@@H]2CC=C4[C@]3(CC[C@@]5([C@H]4CC(CC5)(C)C)C(=O)O)C)C)(C)C)O
780,CCCCCCCC\C=C\CCCCCCCC(O)=O
781,C[N+](C)([11CH3])CCO
782,COC1=CC=C(C[C@@H](N)C(=O)O)C=C1
783,CCOC(=O)C1=C[C@@H](OC(CC)CC)[C@H](NC(C)=O)[C@@H](N)C1
784,[H][C@]12SC(C)(C)[C@@H](N1C(=O)[C@H]2NC(=O)C1=C(C)ON=C1C1=CC=CC=C1)C(O)=O
785,CN1CCCN=C1\C=C\C1=CC=CC(O)=C1
786,C1=CC(=C(C=C1O)O)/C=C/C2=CC(=CC(=C2)O)O
787,[H][C@@]12[C@@H](O)[C@@]3([H])C(C(=O)C4=C(C=CC=C4O)[C@@]3(C)O)=C(O)[C@]1(O)C(=O)C(C(N)=O)=C(O)[C@H]2N(C)C
788,C1=CC=C(C=C1)CC[C@@H](C(=O)C(=O)S)NC(=O)[C@H](CC2=CC=CC=C2)NC(=O)OCC3=CN=CC=C3
789,CCCCCCCCCCCCCCCC(=O)OC(CC(=O)[O-])C[N+](C)(C)C
790,COC1=CC=C(C=C1)N
791,C1(C=CC(C=C1)=O)=O
792,C(C)OC1=CC=C(N)C=C1
793,C(C)C1=CC=C(N)C=C1
794,NC1=CC=C(C=C1)C
795,NC[C@@H]1O[C@H](O[C@@H]2[C@@H](CO)O[C@@H](O[C@@H]3[C@@H](O)[C@H](N)C[C@H](N)[C@H]3O[C@H]3O[C@H](CO)[C@@H](O)[C@H](O)[C@H]3N)[C@@H]2O)[C@H](N)[C@@H](O)[C@@H]1O
796,OC1OCC=C2OC(=O)C=C12
797,OC(=O)\C=C\C1=CC=C(O)C=C1
798,CCN1C=C(C(O)=O)C(=O)C2=CC(F)=C(C=C12)N1CCN(C)CC1
799,C1=CC(=CC=C1C2=[O+]C3=CC(=CC(=C3C=C2O)O)O)O
800,NC1=NC(=O)C2=C(N1)N(CCC(CO)CO)C=N2
801,CCCCCCC(C)/C(=C/1\C(=O)[C@@H](N(C1=O)C)C(C)O)/O
802,CCCCCCC(C)/C(=C/1\C(=O)[C@H](N(C1=O)C)C(C)O)/O
803,CCCCCCC(C)C(=O)C1=C(/C(=C/C)/N(C1=O)C)O
804,CCCCCCC(C)C(=O)C1=C(/C(=C\C)/N(C1=O)C)O
805,C/C=C/CCCC(C)/C(=C/1\C(=O)[C@@H](N(C1=O)C)[C@H](C)O)/O
806,C/C=C/CCCC(C)/C(=C/1\C(=O)[C@H](N(C1=O)C)C(C)O)/O
807,C(=O)(O)C=C(OC)C(=O)C(=C)C
808,CC1([C@@H](N2[C@H](S1)[C@@H](C2=O)NC(=O)CC3=CC=CC=C3)C(=O)O)C
809,C(C1=CC(O)=C(O)C(O)=C1)(=O)[C@@]([C@]([C@@]([C@](C(=O)C(C1=CC(O)=C(O)C(O)=C1)=O)(O)C(C1=CC(O)=C(O)C(O)=C1)=O)(O)C(C1=CC(O)=C(O)C(O)=C1)=O)(O)C(C1=CC(O)=C(O)C(O)=C1)=O)(O)CO
810,COC=1C(=C(C(=C2C(C(=C(OC12)C1=CC=CC=C1)OC)=O)OC)OC)OC
811,C(CCCC)O
812,CC1CCC2(CC1)C(CO2)C.CC1CCC(C(C1)O)C(C)C.CC1CCC(C(C1)OC(=O)C)C(C)C.CC1CCC(C(=O)C1)C(C)C.CC1CCC2=C(C1)OC=C2C.CC1CCC(=C(C)C)C(=O)C1
813,CC(C)C[C@@H](C(=O)N[C@@H](CS)C(=O)N[C@@H](CC1=CC=C(C=C1)O)C(=O)N[C@@H](CS)C(=O)N[C@@H](CCCNC(=N)N)C(=O)N[C@@H](CCCNC(=N)N)C(=O)N[C@@H](CCCNC(=N)N)C(=O)N[C@@H](CC2=CC=CC=C2)C(=O)N[C@@H](CS)C(=O)N[C@@H](C(C)C)C(=O)N[C@@H](CS)C(=O)N[C@@H](C(C)C)C(=O)NCC(=O)N[C@@H](CCCNC(=N)N)C(=O)O)NC(=O)[C@H](CCCNC(=N)N)NC(=O)CNC(=O)CNC(=O)[C@H](CCCNC(=N)N)N
814,C1=CC=CC=2C3=CC=CC=C3C=CC12
815,CC(C)(C)C1=CC(=C(C=C1)O)C(C)(C)C
816,[H][C@]12SC(C)(C)[C@@H](N1C(=O)[C@H]2NC(=O)COC1=CC=CC=C1)C(O)=O
817,O=C1NC(=O)C(N1)(C1=CC=CC=C1)C1=CC=CC=C1
818,OC1=CC=C(CCC(=O)C=2C(O)=CC(O)=CC2O)C=C1
819,C1=CC(=CC=C1CCC(=O)C2=C(C=C(C=C2O[C@H]3[C@@H]([C@H]([C@@H]([C@H](O3)CO)O)O)O)O)O)O
820,P(=O)([O-])([O-])[O-]
821,C(C(C(=O)O)N)OP(=O)(O)O
822,N1=C(C=CC=C1)C(=O)O
823,C[C@@H]1CC[C@@]2([C@]1(CC[C@@]([C@H]2C)(C=C)O)C)C
824,[H][C@]12SC(C)(C)[C@@H](N1C(=O)[C@H]2NC(=O)[C@H](NC(=O)N1CCN(CC)C(=O)C1=O)C1=CC=CC=C1)C(O)=O
825,CCN1CCN(C(=O)C1=O)C(=O)N[C@@H](C2=CC=CC=C2)C(=O)N[C@H]3[C@@H]4N(C3=O)[C@H](C(S4)(C)C)C(=O)[O-].C[C@@]1([C@@H](N2[C@H](S1(=O)=O)CC2=O)C(=O)O)CN3C=CN=N3.[Na+]
826,[H][C@]12SC(C)(C)[C@@H](N1C(=O)[C@H]2NC(=O)[C@H](N)C1=CC=CC=C1)C(=O)OCOC(=O)C(C)(C)C
827,[H]C(=N[C@@H]1C(=O)N2[C@@H](C(=O)OCOC(=O)C(C)(C)C)C(C)(C)S[C@]12[H])N1CCCCCC1
828,C1=CC(=CC=C1CC[C@@H](CC(=O)CCC2=CC=C(C=C2)O)O[C@H]3[C@@H]([C@H]([C@@H]([C@H](O3)CO)O)O)O)O
829,C[C@H]([C@@H](C(=O)N[C@@H](CC1=CN=CN1)C(=O)N[C@@H](CC2=CC=C(C=C2)O)C(=O)N[C@@H](CC(C)C)C(=O)O)NC(=O)[C@H](CC(C)C)NC(=O)[C@H](C)NC(=O)[C@H](C)NC(=O)[C@H](CCCCN)NC(=O)CNC(=O)[C@H](C(C)C)NC(=O)[C@H](CC3=CN=CN3)NC(=O)[C@H](CCCCN)NC(=O)CNC(=O)[C@H](C(C)C)NC(=O)[C@H](CC4=CN=CN4)NC(=O)[C@H](C)NC(=O)[C@H](C)NC(=O)[C@H](CCCCN)NC(=O)[C@H](CCCCN)NC(=O)[C@H](CC5=CC=CC=C5)NC(=O)[C@H](CC6=CC=CC=C6)NC(=O)[C@H](CO)NC(=O)CNC(=O)[C@H](CC7=CNC8=CC=CC=C87)NC(=O)CN)O
830,[N+](=O)([O-])C1=CC=C(C=C1)C(O)C(O)CO
831,C1CN1
832,[H][C@]1(NC(=O)[C@H](CCN)NC(=O)[C@H](CCN)NC(=O)[C@H](CC(C)C)NC(=O)[C@@H](CC2=CC=CC=C2)NC(=O)[C@@H](CCN)NC(=O)[C@H](CCNC1=O)NC(=O)[C@H](CCN)NC(=O)[C@@H](NC(=O)[C@H](CCN)NC(=O)CCCCC(C)CC)[C@@H](C)O)[C@@H](C)O
833,CCCCC(CC)COC(=O)C1=C(O)C=CC=C1
834,[H][C@@](C)(O)[C@]([H])(CC)N1N=CN(C1=O)C1=CC=C(C=C1)N1CCN(CC1)C1=CC=C(OC[C@]2([H])CO[C@](CN3C=NC=N3)(C2)C2=C(F)C=C(F)C=C2)C=C1
835,O=C(C1CCCCC1)N1CC2N(CCC3=CC=CC=C23)C(=O)C1
836,C1C[C@H](NC1)C(=O)NCC(=O)O
837,CCC(C)C(=O)C1=C(C=C(C2=C1O[C@]([C@H](C2)CC=C(C)C)(C)CC/C=C(\C)/CCC=C(C)C)O)O
838,C=CCSO
839,C(CC)O
840,C(C1=CC(O)=C(O)C=C1)(=O)O
841,CCCCCCCC1=C(C(=O)C2=CC=CC=C2N1)O
842,C1=CC(=O)OC2=CC3=C(C=CO3)C=C21
843,NC(=O)C1=NC=CN=C1
844,CCC1=C(C(N)=NC(N)=N1)C1=CC=C(Cl)C=C1
845,N1C(NC(C=C1)=O)=O
846,C1(O)=C(O)C(O)=CC=C1
847,CC1=CC(=C(N1C2=CC=CC=C2)C)/C=C/C3=[N+](C4=C(C=C(C=C4)N(C)C)C=C3)C.CC1=CC(=C(N1C2=CC=CC=C2)C)/C=C/C3=[N+](C4=C(C=C(C=C4)N(C)C)C=C3)C.C1=CC=C2C(=C(C(=CC2=C1)C(=O)O)[O-])CC3=C(C(=CC4=CC=CC=C34)C(=O)O)[O-]
848,OC1=CC2=C(C(O)=C1)C(=O)C(O)=C(O2)C1=CC=C(O)C(O)=C1
849,C1=CC(=C(C=C1C2=C(C(=O)C3=C(C=C(C=C3O2)O)O)O)O)O.O.O
850,C1=CC(=C(C=C1C2=C(C(=O)C3=C(C=C(C=C3O2)O)O)O[C@H]4[C@@H]([C@H]([C@@H]([C@H](O4)C(=O)O)O)O)O)O)O
851,[H][C@]1(C[C@@H]2CC[N@]1C[C@@H]2C=C)[C@H](O)C1=CC=NC2=CC=C(OC)C=C12
852,C1=CC=C2C(=C1)C(=O)C3=C(C=CC(=C3C2=O)O)O
853,N1=CC=CC2=CC=CC(=C12)O
854,[H][C@@]12CCCN1C(=O)[C@@H](CC)NC(=O)[C@@H](NC(=O)C1=NC=CC=C1O)[C@@H](C)OC(=O)[C@@H](NC(=O)[C@]1([H])CC(=O)[C@]([H])(CS[C@@H]3CN4CCC3CC4)CN1C(=O)[C@H](CC1=CC=C(C=C1)N(C)C)N(C)C2=O)C1=CC=CC=C1
855,CN1C(=O)C(O)=C(N=C1C(C)(C)NC(=O)C1=NN=C(C)O1)C(=O)NCC1=CC=C(F)C=C1
856,[H][C@]12C[C@@H](OC(=O)C3=CC(OC)=C(OC)C(OC)=C3)[C@H](OC)[C@@H](C(=O)OC)[C@@]1([H])C[C@@]1([H])N(CCC3=C1NC1=C3C=CC(OC)=C1)C2
857,OC1=CC(O)=CC=C1
858,OC1=CC=C(\C=C\C2=CC(O)=CC(O)=C2)C=C1
859,OC(=O)C1=CC2=C(C(O)=C1)C(=O)C1=C(C=CC=C1O)C2=O
860,CC(C)C[C@@H]1C2=C(C=C(C(=C2O)C(=O)CC(C)C)O)OC3=C1C(=O)C(C(=O)C3(C)C)(C)C
861,NC(=O)C1=NN(C=N1)[C@@H]1O[C@H](CO)[C@@H](O)[C@H]1O
862,CO[C@H]1\C=C\O[C@@]2(C)OC3=C(C2=O)C2=C(C(O)=C3C)C(=O)C(NC(=O)\C(C)=C/C=C/[C@H](C)[C@H](O)[C@@H](C)[C@@H](O)[C@@H](C)[C@H](OC(C)=O)[C@@H]1C)=C1NC3(CCN(CC3)CC(C)C)N=C21
863,CO[C@H]1\C=C\O[C@@]2(C)OC3=C(C)C(O)=C4C(=O)C(NC(=O)\C(C)=C/C=C/[C@H](C)[C@H](O)[C@@H](C)[C@@H](O)[C@@H](C)[C@H](OC(C)=O)[C@@H]1C)=C1OC5=CC(=CC(O)=C5N=C1C4=C3C2=O)N1CCN(CC(C)C)CC1
864,CO[C@H]1\C=C\O[C@@]2(C)OC3=C(C2=O)C2=C(O)C(\C=N\N4CCN(C)CC4)=C(NC(=O)\C(C)=C/C=C/[C@H](C)[C@H](O)[C@@H](C)[C@@H](O)[C@@H](C)[C@H](OC(C)=O)[C@@H]1C)C(O)=C2C(O)=C3C
865,CO[C@H]1\C=C\O[C@@]2(C)OC3=C(C2=O)C2=C(C(O)=C3C)C(O)=C(NC(=O)\C(C)=C/C=C/[C@H](C)[C@H](O)[C@@H](C)[C@@H](O)[C@@H](C)[C@H](OC(C)=O)[C@@H]1C)C(\C=N\N1CCN(CC1)C1CCCC1)=C2O
866,CC1=CC(\C=C\C#N)=CC(C)=C1NC1=CC=NC(NC2=CC=C(C=C2)C#N)=N1
867,CC(N)C12CC3CC(CC(C3)C1)C2
868,CC(C)[C@H](NC(=O)N(C)CC1=CSC(=N1)C(C)C)C(=O)N[C@H](C[C@H](O)[C@H](CC1=CC=CC=C1)NC(=O)OCC1=CN=CS1)CC1=CC=CC=C1
869,C1=CC(=C(C=C1C[C@H](C(=O)O)OC(=O)/C=C/C2=CC(=C(C=C2)O)O)O)O
870,CCN1C=C(C(O)=O)C(=O)C2=C1C=C(C=C2)C1=CC=NC=C1
871,CCC1=CC=C(C=C1)CC2=CC3=C(CO[C@@]34[C@H]([C@H]([C@@H]([C@H](O4)CO)O)O)O)C=C2
872,CN1CCN(CC1)C1=C(F)C=C2C(=O)C(=CN3CCSC1=C23)C(O)=O
873,C1CN2C(=NC3=CC=CC=C3C2=O)C4=C1C5=CC=CC=C5N4
874,C[C@@H]1O[C@@H](OC[C@H]2O[C@@H](OC3=C(OC4=CC(O)=CC(O)=C4C3=O)C3=CC(O)=C(O)C=C3)[C@H](O)[C@@H](O)[C@@H]2O)[C@H](O)[C@H](O)[C@H]1O
875,Cl.NCCSC[C@H](N)C(=O)O
876,S1C(=CC=C1)SC[C@H](N)C(=O)O
877,C1(=CC=C(C=C1)SC[C@H](N)C(=O)O)C
878,C[N+]1=C2C(=C3C=CC4=C(C3=C1)OCO4)C=CC5=CC6=C(C=C52)OCO6
879,[H][C@@]12CCCC[C@]1([H])CN(C[C@@H](O)[C@H](CC1=CC=CC=C1)NC(=O)[C@H](CC(N)=O)NC(=O)C1=NC3=C(C=CC=C3)C=C1)[C@@H](C2)C(=O)NC(C)(C)C
880,C(=O)(O)CSC[C@H](N)C(=O)O
881,COC1=C(C=C2C(=C1)C=CC(=O)O2)O
882,C1=CC2=C(C(=C1)O)C(=O)C3=C([C@@H]2[C@@H]4C5=C(C(=CC=C5)O)C(=O)C6=C4C=C(C=C6O)C(=O)O)C=C(C=C3O)C(=O)O
883,C(C)SC[C@H](N)C(=O)O
884,CC(=CC[C@H](C1=CC(=O)C2=C(C=CC(=C2C1=O)O)O)O)C
885,CC[C@H](C)[C@H]1C(=O)N[C@H](C(=O)N[C@@H](CSSC[C@H]2C(=O)N[C@H](C(=O)N[C@H]3CC(=O)N[C@@H](CSSC[C@@H](C(=O)NCC(=O)N[C@H](C(=O)N[C@H](C(=O)N1)C)CC4=CC=C(C=C4)O)NC(=O)CNC(=O)[C@@H](NC(=O)[C@@H](NC3=O)CC5=CC=CC=C5)C)C(=O)N[C@H](C(=O)NCC(=O)N[C@H](C(=O)NCC(=O)N[C@H](C(=O)N2)CO)C(C)C)CC(C)C)CC(=O)N)C(=O)N[C@@H](CC6=CC=CC=C6)C(=O)N[C@@H](CC7=CNC8=CC=CC=C87)C(=O)O)C(C)C
886,C(CC(O)(C(=O)[O-])CC(=O)O)(=O)O.[Ag+]
887,[Ag+].[O-]N(=O)=O
888,[Ag+].NC1=CC=C(C=C1)S(=O)(=O)[N-]C1=NC=CC=N1
889,S(=O)(=O)([O-])[O-].[Ag+].[Ag+]
890,COC1=C(C=CC(=C1)[C@@H]2[C@H](OC3=C(O2)C=C(C=C3)[C@@H]4[C@H](C(=O)C5=C(C=C(C=C5O4)O)O)O)CO)O
891,[H][C@]12C[C@]1(NC(=O)[C@]1([H])C[C@H](C[C@@]1([H])C(=O)N(C)CCCC\C=C/2)OC1=CC(=NC2=C1C=CC(OC)=C2C)C1=NC(=CS1)C(C)C)C(=O)NS(=O)(=O)C1CC1
892,C(\C=C\C1=CC(OC)=C(O)C(OC)=C1)(=O)O
893,[H][C@](N)(CC[C@]([H])(N)C(O)=O)C[C@@]1([H])O[C@@]([H])(N2C=NC3=C(N)N=CN=C23)[C@]([H])(O)[C@]1([H])O
894,COC1=C(C=C(C=C1)C2=CC(=O)C3=C(C(=C(C=C3O2)OC)OC)OC)OC
895,CC[C@H](C)[C@@H](C(=O)N[C@@H](C)C(=O)N[C@@H](CC1=CN=CN1)C(=O)NCC(=O)N[C@@H](C(C)C)C(=O)N[C@@H](CCCCN)C(=O)N[C@@H](CCCCN)C(=O)N[C@@H](CC2=CC=C(C=C2)O)C(=O)NCC(=O)N3CCC[C@H]3C(=O)N[C@@H]([C@@H](C)O)C(=O)N[C@@H](C(C)C)C(=O)N[C@@H](CC(C)C)C(=O)N[C@@H](CCCNC(=N)N)C(=O)N[C@@H]([C@@H](C)CC)C(=O)N[C@@H]([C@@H](C)CC)C(=O)N[C@@H](CCCNC(=N)N)C(=O)N[C@@H]([C@@H](C)CC)C(=O)N[C@@H](C)C(=O)N)NC(=O)[C@H](CCCCN)NC(=O)[C@H](CCCNC(=N)N)NC(=O)CNC(=O)[C@H](CC(C)C)NC(=O)[C@H](CCCNC(=N)N)NC(=O)[C@H](CCCNC(=N)N)NC(=O)[C@H](CC(C)C)NC(=O)CNC(=O)[C@H](CCCNC(=N)N)N
896,CSC[C@H](N)C(=O)O
897,O=C1C(O)=C([O-])[C@H](O1)[C@@H](O)CO.[Na+]
898,[Na+].[Na+].[O-]S([O-])(=O)=O
899,OC[C@H](O)[C@@H](O)[C@H](O)[C@H](O)CO
900,NCCCNCCCCNCCCN
901,C1(=CC=CC=C1)SC[C@H](N)C(=O)O
902,C1=CC=C(C=C1)S(=O)C[C@@H](C(=O)O)N
903,C(CC)SC[C@H](N)C(=O)O
904,CC1=CN([C@@H]2O[C@H](CO)C=C2)C(=O)NC1=O
905,CCCCCCCCCCCCCCCCCC(O)=O
906,C1(=CC=CC=C1)C=CC1=CC=CC=C1
907,CN[C@H]1[C@H](O)[C@@H](O)[C@H](CO)O[C@H]1O[C@H]1[C@H](O[C@H]2[C@H](O)[C@@H](O)[C@H](NC(N)=N)[C@@H](O)[C@@H]2NC(N)=N)O[C@@H](C)[C@]1(O)C=O
908,CCCC[C@H]1CCCCCCC2=CC1=C(N2)/C=C\3/C(=CC(=N3)C4=CC=CN4)OC
909,CCC(C)C1C(=O)NC(C(=O)NCC(=O)NC(C(=O)NC2(C(=O)NCC(=O)NC(C(=O)NC3(C(=O)NCC(=O)NC(C(=O)NC(C(=O)NCC(=O)NC(C(=O)NC(C(=O)NCC(=O)NC(CS3)C(=O)NC(C(=O)NC(C(=O)NC(CS2)C(=O)NC(C(=O)NC(C(=O)NCC(=O)NC(C(=O)NC(C(=O)NC4CSC(C(=O)NC(C(=O)N1)CCC(=O)O)(NC(=O)C(NC(=O)C5CCCN5C(=O)C(NC(=O)C6CCCN6C(=O)CNC(=O)C(NC(=O)C(NC(=O)C(NC4=O)CC(C)C)C(C)C)CC(=O)O)C(C)CC)CC(=O)O)CC7=CC=CC=C7)C)C)C(C)CC)CO)C(C)O)C)CCCCN)CC(=O)N)CC8=CNC9=CC=CC=C98)CC(C)C)CC1=CC=CC=C1)CC(C)C)C(C)O)C)C
910,OC[C@H]1O[C@@](CO)(O[C@H]2O[C@H](CO)[C@@H](O)[C@H](O)[C@H]2O)[C@@H](O)[C@@H]1O
911,[H][C@@]12CC(=O)N1[C@@]([H])(C(O)=O)C(C)(C)S2(=O)=O
912,C1=CC(=CC=C1CSC(CN2C=CN=C2)C3=C(C=C(C=C3)Cl)Cl)Cl.[N+](=O)(O)[O-]
913,CC(=O)NS(=O)(=O)C1=CC=C(N)C=C1
914,CCN1C=CC(NS(=O)(=O)C2=CC=C(N)C=C2)=NC1=O
915,NC1=CC=C(C=C1)S(=O)(=O)NC1=NC=CC=N1
916,COC1=NC=NC(NS(=O)(=O)C2=CC=C(N)C=C2)=C1OC
917,CC1=NC(NS(=O)(=O)C2=CC=C(N)C=C2)=NC=C1
918,CC1=CC(C)=NC(NS(=O)(=O)C2=CC=C(N)C=C2)=N1
919,CC1=NN=C(NS(=O)(=O)C2=CC=C(N)C=C2)S1
920,CC1=CC(NS(=O)(=O)C2=CC=C(N)C=C2)=NO1
921,CC1=C(C)N=C(NS(=O)(=O)C2=CC=C(N)C=C2)O1
922,NC1=CC=C(C=C1)S(N)(=O)=O
923,NC1=CC=C(C=C1)S(=O)(=O)NC1=CC=NN1C1=CC=CC=C1
924,NC1=CC=C(C=C1)S(=O)(=O)NC1=NC=CS1
925,CC1=NOC(NS(=O)(=O)C2=CC=C(N)C=C2)=C1C
926,C(C1=CC(OC)=C(O)C(OC)=C1)(=O)O
927,CC[C@H](C)[C@@H](C(=O)N[C@@H](CS)C(=O)N[C@@H](CC1=CC=C(C=C1)O)C(=O)N[C@@H](CCCNC(=N)N)C(=O)N[C@@H](CCCCN)C(=O)N[C@@H](CS)C(=O)N[C@@H](CCCNC(=N)N)C(=O)N)NC(=O)CNC(=O)[C@H](CCCNC(=N)N)NC(=O)[C@H](CC2=CC=C(C=C2)O)NC(=O)[C@H](CS)NC(=O)[C@H](C(C)C)NC(=O)[C@H](CCCNC(=N)N)NC(=O)[C@H](CC3=CC=CC=C3)NC(=O)[C@H](CS)NC(=O)[C@H](CC4=CNC5=CC=CC=C54)NC(=O)[C@H](CCCCN)N
928,COC1=CC=C(C=C1)C2=CC(=O)C3=C(O2)C(=C(C(=C3OC)OC)OC)OC
929,OC1=CC(=CC(O)=C1O)C(=O)OC1=C(O)C(O)=CC(=C1)C(=O)OC[C@H]1OC(OC(=O)C2=CC(OC(=O)C3=CC(O)=C(O)C(O)=C3)=C(O)C(O)=C2)[C@H](OC(=O)C2=CC(OC(=O)C3=CC(O)=C(O)C(O)=C3)=C(O)C(O)=C2)[C@@H](OC(=O)C2=CC(OC(=O)C3=CC(O)=C(O)C(O)=C3)=C(O)C(O)=C2)[C@@H]1OC(=O)C1=CC(OC(=O)C2=CC(O)=C(O)C(O)=C2)=C(O)C(O)=C1
930,NCCS(O)(=O)=O
931,[H][C@@]12CC(=O)N1[C@@H](C(O)=O)[C@](C)(CN1C=CN=N1)S2(=O)=O
932,CCCCCCCOP(=S)(OCCCCCCC)[S-].CCCCCCCOP(=S)(OCCCCCCC)[S-].[Zn+2]
933,[H][C@@]12CCC[C@]1([H])[C@H](N(C2)C(=O)[C@@H](NC(=O)[C@@H](NC(=O)C1=NC=CN=C1)C1CCCCC1)C(C)(C)C)C(=O)N[C@@H](CCC)C(=O)C(=O)NC1CC1
934,C[C@]12CCCC(=C)[C@@]1(C[C@H]3[C@@H](C2)OC(=O)C3=C)O
935,[Te](=O)([O-])[O-]
936,C[C@H](CN1C=NC2=C1N=CN=C2N)OCP(O)(O)=O
937,CC(C)N1CCN(CC1)C1=CC=C(OC[C@H]2CO[C@@](CN3C=NC=N3)(O2)C2=C(Cl)C=C(Cl)C=C2)C=C1
938,C12=C(C(C(C(C1(C)C)C2)O)C2(C(=C1C(C(C2)C1)(C)C)C)C1C(=C2C(C(C1)C2)(C)C)C)C
939,C(C)(C)(C)O
940,[H][C@@]12C[C@@]3([H])C(=C(O)[C@]1(O)C(=O)C(C(N)=O)=C(O)[C@H]2N(C)C)C(=O)C1=C(O)C=CC=C1[C@@]3(C)O
941,[Na+].CC[Hg]SC1=CC=CC=C1C([O-])=O
942,CCCCCCCCCCCCCCCC[N+](C)(C)CCN(CC1=CC=C(C=C1)OC)C2=NC=CC=N2.[Br-]
943,CC(C)C1=CC=C(C)C=C1O
944,[H][C@]12SC(C)(C)[C@@H](N1C(=O)[C@H]2NC(=O)[C@H](C(O)=O)C1=CSC=C1)C(O)=O
945,[H][C@@]12CC3=C(C(O)=C(NC(=O)CNC(C)(C)C)C=C3N(C)C)C(=O)C1=C(O)[C@]1(O)C(=O)C(C(N)=O)=C(O)[C@@H](N(C)C)[C@]1([H])C2
946,C1=CC(=CC=C1/C=C/C(=O)OC[C@@H]2[C@H]([C@@H]([C@H]([C@@H](O2)OC3=C(OC4=CC(=CC(=C4C3=O)O)O)C5=CC=C(C=C5)O)O)O)O)O
947,[H][C@](O)(CNC(C)(C)C)COC1=NSN=C1N1CCOCC1
948,ClC1=C(COC(CN2C=CN=C2)C2=C(Cl)C=C(Cl)C=C2)C=CS1
949,[H][C@@](CC)(C1=CC(NS(=O)(=O)C2=NC=C(C=C2)C(F)(F)F)=CC=C1)C1=C(O)C[C@@](CCC)(CCC2=CC=CC=C2)OC1=O
950,O=[Ti]=O
951,CCN(CC)CCCCCCCCOC(=O)C1=CC(=C(C(=C1)OC)OC)OC
952,NC[C@H]1O[C@H](O[C@@H]2[C@@H](N)C[C@@H](N)[C@H](O[C@H]3O[C@H](CO)[C@@H](O)[C@H](N)[C@H]3O)[C@H]2O)[C@H](N)C[C@@H]1O
953,C[C@H]1C[C@@H]2[C@H](CC=C1CCC(=O)C)C(=C)C(=O)O2
954,CN(C)CCOC1=CC=C(C=C1)C(=C(\CCCl)C1=CC=CC=C1)\C1=CC=CC=C1
955,C(\C=C\CCCCCCCCC)(=O)O
956,C(\C=C\CCCCCC)=O
957,C(\C=C\CC)=O
958,CCOC(=O)C1=CC(N)=CC=C1
959,OC1=CC(Cl)=CC=C1OC1=C(Cl)C=C(Cl)C=C1
960,CC1=CC(=NO1)NS(=O)(=O)C2=CC=C(C=C2)N.COC1=CC(=CC(=C1OC)OC)CC2=CN=C(N=C2N)N
961,COC=1C(=C2C(C(=C(OC2=CC1)C1=CC=CC=C1)OC)=O)OC
962,[Br-].[Br-].C[N+](CCCOC1=CC=C(C=C1)OCCC[N+](C)(C)C)(C)C
963,[Br-].[Br-].C[P+](CCCOC1=CC=C(C=C1)OCCC[P+](C)(C)C)(C)C
964,[H][C@@]12CN(C[C@]1([H])[C@H]2N)C1=NC2=C(C=C1F)C(=O)C(=CN2C1=C(F)C=C(F)C=C1)C(O)=O
965,C1=CC(=CC=C1CCO)O
966,CC(C)(C)C1=CC(=CC(=C1O)C(C)(C)C)C=C(C#N)C#N
967,COC1=C(C=C2C(=C1)C(=NC=N2)NC3=CC(=CC=C3)Cl)OC
968,C1=CC(=CC2=C1C=CC(=O)O2)O
969,C(CCCCCCCCCC)(=O)O
970,CCCCCCCCCCCO[C@H]1[C@@H]([C@H]([C@@H]([C@H](O1)CO)O[C@@H]2[C@@H]([C@H]([C@@H]([C@H](O2)CO)O)O)O)O)O
971,O=C1NC=CC(=O)N1
972,[H][C@@]12[C@@H](C)[C@H](C)CC[C@@]1(CC[C@]1(C)C2=CC[C@]2([H])[C@@]3(C)CC[C@H](O)C(C)(C)[C@]3([H])CC[C@@]12C)C(O)=O
973,CC1=C(C(=C2C(=C1O)C3(C(=CC(=O)C(C3=O)C(=O)C)O2)C)C(=O)C)O
974,CN[C@H](CC(C)C)C(=O)N[C@@H]1[C@H](O)C2=CC=C(OC3=C(O[C@@H]4O[C@H](CO)[C@@H](O)[C@H](O)[C@H]4O[C@H]4C[C@](C)(N)[C@H](O)[C@H](C)O4)C4=CC(=C3)[C@@H](NC(=O)[C@H](CC(N)=O)NC1=O)C(=O)N[C@@H]1C3=CC(=C(O)C=C3)C3=C(O)C=C(O)C=C3[C@H](NC(=O)[C@@H](NC1=O)[C@H](O)C1=CC(Cl)=C(O4)C=C1)C(O)=O)C(Cl)=C2
975,COC1=CC(=CC=C1O)C([O-])=O
976,O=CC1=CC(OC)=C(O)C=C1
977,C(C1=CC(OC)=C(O)C=C1)CC(C)=O
978,COC1=C(OC)C=C(CCN(C)CCCC(C#N)(C(C)C)C2=CC(OC)=C(OC)C=C2)C=C1
979,NC1=NC=NC2=C1N=CN2[C@@H]1O[C@H](CO)[C@@H](O)[C@@H]1O
980,[H][C@@]1(C[C@H](O)NC(=N)N1)[C@]1([H])NC(=O)\C(NC(=O)[C@H](CO)NC(=O)[C@H](CO)NC(=O)[C@H](CNC1=O)NC(=O)C[C@@H](N)CCCN)=C\NC(N)=O
981,CC(C)[C@H]1OC(=O)C2=CCCN2C(=O)C2=COC(=N2)CC(=O)C[C@H](O)\C=C(/C)\C=C\CNC(=O)\C=C\[C@H]1C
982,C1=CC2=C3C(=C1)C(=O)N(C(=O)C3=CC=C2)CCCC(=O)O
983,CC(C)CCC[C@@H](C)CCC[C@@H](C)CCC[C@]1(C)CCC2=C(O1)C(C)=C(C)C(O)=C2C
984,C1=CC(=CC=C1C2=CC(=O)C3=C(O2)C(=C(C=C3O)O)[C@H]4[C@@H]([C@H]([C@@H]([C@H](O4)CO)O)O)O)O
985,C[C@@H](C1=NC=NC=C1F)[C@](O)(CN1C=NC=N1)C1=C(F)C=C(F)C=C1
986,C1=CC=C(C=C1)CC[C@@H]([C@@H](CS(=O)(=O)CC2=CC=CC=C2)S)NC(=O)[C@H](CC3=CC=CC=C3)NC(=O)OCC4=CC=CC=C4
987,C1=CC2=C(C=CC=C2Cl)C(=C1)S(=O)(=O)NCCCCCCN.Cl
988,COC(=O)[C@H]1[C@H](CC[C@@H]2[C@@H]1C[C@H]3C4=C(CCN3C2)C5=CC=CC=C5N4)O.Cl
989,NC1=NC(=O)N(C=C1)[C@H]1CC[C@@H](CO)O1
990,[H][C@]1(OC(=C[C@H](N=C(N)N)[C@H]1NC(C)=O)C(O)=O)[C@H](O)[C@H](O)CO
991,C\C(\C=C\C=C(/C)\C=C\C1=C(C)C[C@@H](O)CC1(C)C)=C/C=C/C=C(\C)/C=C/C=C(\C)/C=C/C1=C(C)C[C@@H](O)CC1(C)C
992,CC1=CN([C@H]2C[C@H](N=[N+]=[N-])[C@@H](CO)O2)C(=O)NC1=O
993,[Zn]
994,[Cl-].[Cl-].[Zn+2]
995,[N+](=O)([O-])[O-].[Zn+2].[N+](=O)([O-])[O-]
996,O=[Zn]
997,[Zn++].[O-]S([O-])(=O)=O
998,CN(C)CCOC1=CC2=CC=CC=C2SC2=CC=C(Cl)C=C12
